province,year,ind,urb,rd,open,es,eff,lntl_1,lntl
上海,2015,0.3181,0.8853,0.0373,1.1137,0.167006852,0.581050722,2.76662397,2.697869775
云南,2015,0.3977,0.4293,0.008,0.112,0.526132671,0.31662927,0.258400419,0.237293345
内蒙古,2015,0.5048,0.6209,0.0076,0.0445,0.525468789,0.328864121,0.165928573,0.205147298
北京,2015,0.1974,0.8671,0.0601,0.8645,0.091198021,1.006911906,1.634327739,1.602879948
吉林,2015,0.4982,0.5764,0.0101,0.0836,0.472497259,0.346286448,0.36482459,0.340725941
四川,2015,0.4408,0.4827,0.0167,0.1061,0.348171234,0.34716212,0.259454828,0.258992641
天津,2015,0.4658,0.8288,0.0308,0.4304,0.287060896,0.528779246,1.828517564,1.818201703
宁夏,2015,0.4738,0.5698,0.0088,0.08,0.520838903,0.593875268,0.523093121,0.546448368
安徽,2015,0.4975,0.5097,0.0196,0.1354,0.498547331,0.367250749,0.62841041,0.596419473
山东,2015,0.468,0.5697,0.0227,0.2379,0.421046548,0.454472011,0.854192431,0.851105845
山西,2015,0.4069,0.5587,0.0104,0.0716,0.599653159,0.287902969,0.522336339,0.548154859
广东,2015,0.4479,0.6951,0.0247,0.8746,0.225392399,1.013560194,0.984118132,0.970137336
广西,2015,0.4593,0.4799,0.0063,0.1894,0.440744463,0.327230842,0.335343214,0.292112474
新疆,2015,0.3857,0.4878,0.0056,0.1314,0.281911806,0.316164492,0.212122627,0.240521469
江苏,2015,0.457,0.6749,0.0257,0.4846,0.363231202,0.706167092,1.365094483,1.328046842
江西,2015,0.503,0.523,0.0104,0.1579,0.519209489,0.468578009,0.290592877,0.276059752
河北,2015,0.4827,0.5167,0.0118,0.1076,0.637128794,0.264184244,0.583471323,0.592485641
河南,2015,0.4842,0.4702,0.0118,0.1242,0.444740528,0.295498631,0.627911024,0.627673134
浙江,2015,0.4596,0.6632,0.0236,0.5036,0.215705747,0.49411132,1.073873055,1.037322997
海南,2015,0.2365,0.5491,0.0046,0.2349,0.083669164,1.047732338,0.604310726,0.572515541
湖北,2015,0.457,0.5718,0.019,0.096,0.47187068,0.365546766,0.413787765,0.388405599
湖南,2015,0.4432,0.5079,0.0143,0.0631,0.505183358,0.377520325,0.332724229,0.314278496
甘肃,2015,0.3674,0.4424,0.0122,0.0729,0.411761663,0.399162248,0.213108407,0.222430921
福建,2015,0.5029,0.6322,0.0151,0.4048,0.319726821,0.406054422,0.67810419,0.658596102
贵州,2015,0.3949,0.4296,0.0059,0.0725,0.612603845,0.366551371,0.329620718,0.32978786
辽宁,2015,0.4549,0.6805,0.0127,0.2084,0.401743008,0.335314042,0.643900758,0.636069616
重庆,2015,0.4498,0.6147,0.0157,0.2951,0.402290941,0.447366556,0.430616035,0.438749235
陕西,2015,0.504,0.5474,0.0218,0.1054,0.476405922,0.360169321,0.475703697,0.503445683
青海,2015,0.4995,0.5167,0.0048,0.0498,0.323608988,1.098537876,0.154518535,0.142472986
黑龙江,2015,0.3181,0.6047,0.0105,0.0868,0.413168103,0.335360121,0.257385004,0.30181524
上海,2016,0.2983,0.89,0.0382,1.0172,0.147596607,0.522613147,2.750706116,2.76662397
云南,2016,0.3848,0.4464,0.0089,0.0891,0.528513767,0.309156284,0.208971659,0.258400419
内蒙古,2016,0.4718,0.634,0.0079,0.0424,0.525149093,0.335247347,0.149732058,0.165928573
北京,2016,0.1926,0.8676,0.0596,0.7265,0.072752726,0.689349619,1.687652627,1.634327739
吉林,2016,0.4741,0.5875,0.0094,0.0824,0.460291495,0.358224002,0.328379003,0.36482459
四川,2016,0.4084,0.5,0.0172,0.099,0.301721479,0.348425751,0.267821003,0.259454828
天津,2016,0.4233,0.8327,0.03,0.3789,0.263520384,0.550621585,1.840185483,1.828517564
宁夏,2016,0.4697,0.5874,0.0095,0.0679,0.514195705,0.56851275,0.526970399,0.523093121
安徽,2016,0.4843,0.5262,0.0197,0.1203,0.478037717,0.364354877,0.631633313,0.62841041
山东,2016,0.4608,0.5913,0.0234,0.2275,0.363065762,0.483493429,0.86148878,0.854192431
山西,2016,0.3854,0.5727,0.0103,0.0843,0.601326813,0.285003135,0.483191042,0.522336339
广东,2016,0.4342,0.7015,0.0256,0.7804,0.323120696,1.077161563,0.952660724,0.984118132
广西,2016,0.4517,0.4924,0.0065,0.1721,0.446588925,0.320851337,0.286320749,0.335343214
新疆,2016,0.3779,0.5042,0.0059,0.1209,0.303429136,0.306056827,0.163619033,0.212122627
江苏,2016,0.4473,0.6893,0.0266,0.4344,0.34879057,0.695209746,1.379468372,1.365094483
江西,2016,0.4773,0.5399,0.0113,0.1426,0.498235561,0.424043331,0.26976534,0.290592877
河北,2016,0.4757,0.5387,0.012,0.096,0.61918797,0.26360469,0.577277178,0.583471323
河南,2016,0.4763,0.4878,0.0123,0.1165,0.401763133,0.313270583,0.628530224,0.627911024
浙江,2016,0.4486,0.6772,0.0243,0.47,0.185389336,0.526176426,1.102093971,1.073873055
海南,2016,0.2235,0.567,0.0054,0.1849,0.095146763,1.023567756,0.565635042,0.604310726
湖北,2016,0.4486,0.5857,0.0186,0.0796,0.47272682,0.363699596,0.382145719,0.413787765
湖南,2016,0.4228,0.527,0.015,0.0552,0.512916806,0.37463634,0.320556348,0.332724229
甘肃,2016,0.3494,0.4607,0.0122,0.0625,0.397060474,0.393747618,0.172491054,0.213108407
福建,2016,0.4892,0.6439,0.0159,0.3591,0.312261576,0.407064553,0.652953535,0.67810419
贵州,2016,0.3965,0.4556,0.0063,0.0319,0.58697613,0.354224836,0.355476009,0.329620718
辽宁,2016,0.3869,0.6887,0.0169,0.2567,0.37054886,0.331978211,0.615884087,0.643900758
重庆,2016,0.4452,0.6333,0.0172,0.2333,0.349493658,0.447845188,0.494959841,0.430616035
陕西,2016,0.4892,0.5639,0.0219,0.1019,0.447293981,0.361914391,0.454795006,0.475703697
青海,2016,0.4859,0.5355,0.0054,0.0392,0.310754568,0.916568795,0.092724868,0.154518535
黑龙江,2016,0.286,0.6109,0.0099,0.0711,0.433005381,0.335163184,0.263946458,0.257385004
上海,2017,0.3046,0.891,0.0393,1.0526,0.123679962,0.526742504,2.839895937,2.750706116
云南,2017,0.3789,0.4629,0.0096,0.0966,0.508493565,0.304365536,0.370864284,0.208971659
内蒙古,2017,0.3976,0.646,0.0082,0.0585,0.484921791,0.341799004,0.296871096,0.149732058
北京,2017,0.1901,0.8693,0.0564,0.7833,0.044144942,0.747125917,1.734540572,1.687652627
吉林,2017,0.4683,0.5971,0.0086,0.084,0.391752022,0.368495262,0.490929682,0.328379003
四川,2017,0.3875,0.5178,0.0172,0.1245,0.282747027,0.385779501,0.396095847,0.267821003
天津,2017,0.4094,0.8357,0.0247,0.4122,0.235691868,0.588120634,1.921635006,1.840185483
宁夏,2017,0.4358,0.6095,0.0113,0.0992,0.558523946,0.527162305,0.665307585,0.526970399
安徽,2017,0.4752,0.5429,0.0209,0.1354,0.43847254,0.366293474,0.796259296,0.631633313
山东,2017,0.4535,0.6079,0.0241,0.2468,0.343575857,0.524477544,1.004488365,0.86148878
山西,2017,0.4365,0.5859,0.0095,0.0749,0.570845106,0.295347605,0.62745591,0.483191042
广东,2017,0.4237,0.7074,0.0261,0.7599,0.189688731,0.868013692,1.062789731,0.952660724
广西,2017,0.4022,0.5059,0.0077,0.2112,0.42386227,0.326595153,0.414190821,0.286320749
新疆,2017,0.398,0.519,0.0052,0.1279,0.315357467,0.294962747,0.325630715,0.163619033
江苏,2017,0.4502,0.7018,0.0263,0.4658,0.331560618,0.741986713,1.511884306,1.379468372
江西,2017,0.4812,0.557,0.0128,0.1505,0.482443162,0.422931424,0.436895052,0.26976534
河北,2017,0.4658,0.5574,0.0133,0.0993,0.588564846,0.273288833,0.712887605,0.577277178
河南,2017,0.4737,0.5056,0.0131,0.1175,0.36931778,0.33755633,0.780375705,0.628530224
浙江,2017,0.4295,0.6891,0.0245,0.4946,0.148109777,0.5653407,1.248463654,1.102093971
海南,2017,0.2233,0.5804,0.0052,0.1575,0.099196021,0.942179608,0.733063416,0.565635042
湖北,2017,0.4352,0.5988,0.0197,0.0884,0.460921051,0.377823351,0.542765316,0.382145719
湖南,2017,0.4175,0.5462,0.0168,0.0718,0.546988503,0.385803634,0.472199797,0.320556348
甘肃,2017,0.3434,0.4812,0.0119,0.0437,0.364730401,0.393864769,0.32419197,0.172491054
福建,2017,0.4771,0.6578,0.0169,0.3601,0.288372825,0.405297621,0.811292235,0.652953535
贵州,2017,0.4009,0.4776,0.0071,0.0407,0.558226877,0.347159913,0.488576555,0.355476009
辽宁,2017,0.393,0.6949,0.0184,0.2883,0.356825877,0.340707104,0.739182936,0.615884087
重庆,2017,0.4419,0.65,0.0188,0.2321,0.346142945,0.449897459,0.627281838,0.494959841
陕西,2017,0.497,0.5807,0.021,0.1242,0.426510518,0.366816448,0.589001449,0.454795006
青海,2017,0.4429,0.5545,0.0068,0.017,0.242700133,0.939880187,0.266777757,0.092724868
黑龙江,2017,0.2553,0.619,0.0092,0.0806,0.423307433,0.338899161,0.39472568,0.263946458
上海,2018,0.2978,0.8913,0.0416,1.0408,0.133086962,0.539382332,2.846855368,2.839895937
云南,2018,0.3891,0.4744,0.0105,0.1102,0.496666828,0.299643768,0.383205389,0.370864284
内蒙古,2018,0.3937,0.6551,0.0075,0.0598,0.492439433,0.348335889,0.284720612,0.296871096
北京,2018,0.1863,0.8709,0.0617,0.8966,0.016323334,0.885499049,1.714485943,1.734540572
吉林,2018,0.4253,0.6085,0.0076,0.0904,0.337867831,0.392802798,0.469356626,0.490929682
四川,2018,0.3767,0.535,0.0181,0.1462,0.294511973,0.430470874,0.419994898,0.396095847
天津,2018,0.4046,0.8395,0.0262,0.4296,0.22606132,0.672082474,1.964186178,1.921635006
宁夏,2018,0.4454,0.6215,0.0123,0.0672,0.553266134,0.51980504,0.661117405,0.665307585
安徽,2018,0.4613,0.5565,0.0216,0.138,0.400115201,0.369762786,0.827452384,0.796259296
山东,2018,0.4399,0.6146,0.0215,0.2524,0.302448546,0.535723521,1.057634348,1.004488365
山西,2018,0.4215,0.5985,0.0105,0.0814,0.547796458,0.307449235,0.637306684,0.62745591
广东,2018,0.4183,0.7181,0.0278,0.7361,0.171627155,0.9388332,1.139376992,1.062789731
广西,2018,0.3967,0.5182,0.0071,0.2017,0.40317647,0.339927313,0.44726732,0.414190821
新疆,2018,0.4036,0.5401,0.0053,0.1087,0.278665532,0.296402016,0.308142498,0.325630715
江苏,2018,0.4455,0.7119,0.027,0.473,0.301319363,0.801294222,1.550413853,1.511884306
江西,2018,0.4662,0.5734,0.0141,0.1438,0.437386791,0.427352685,0.46030291,0.436895052
河北,2018,0.4454,0.5733,0.0139,0.0987,0.573307962,0.281944977,0.718325231,0.712887605
河南,2018,0.4585,0.5224,0.014,0.1147,0.337963641,0.371070156,0.812690586,0.780375705
浙江,2018,0.4183,0.7002,0.0257,0.5073,0.127407298,0.60798196,1.287853596,1.248463654
海南,2018,0.2268,0.5913,0.0056,0.1755,0.101810757,0.906495004,0.76086507,0.733063416
湖北,2018,0.4341,0.61,0.0209,0.0885,0.392890652,0.413035271,0.559431074,0.542765316
湖南,2018,0.3968,0.5609,0.0181,0.0844,0.472482466,0.428155679,0.485284954,0.472199797
甘肃,2018,0.3389,0.4969,0.0118,0.048,0.319567599,0.400132246,0.323718915,0.32419197
福建,2018,0.4813,0.6698,0.018,0.3448,0.285752506,0.410912519,0.840055453,0.811292235
贵州,2018,0.3887,0.4954,0.0082,0.0338,0.475500718,0.34549139,0.469916807,0.488576555
辽宁,2018,0.396,0.7026,0.0182,0.2985,0.349039977,0.353519981,0.750192477,0.739182936
重庆,2018,0.409,0.6661,0.0201,0.2564,0.306731459,0.463828533,0.641754576,0.627281838
陕西,2018,0.4975,0.5965,0.0218,0.1438,0.397156775,0.369921668,0.607055195,0.589001449
青海,2018,0.4352,0.5727,0.006,0.0168,0.236363451,0.984602533,0.253769652,0.266777757
黑龙江,2018,0.2464,0.6346,0.0083,0.1069,0.378213378,0.359519376,0.380708503,0.39472568
上海,2019,0.2699,0.8922,0.04,0.8925,0.133647517,0.543637856,2.854096617,2.846855368
云南,2019,0.3428,0.4867,0.0095,0.1001,0.482101378,0.297377603,0.367286519,0.383205389
内蒙古,2019,0.3962,0.6646,0.0086,0.0638,0.497306803,0.35899675,0.302753348,0.284720612
北京,2019,0.4036,0.8735,0.0631,0.8111,0.012138103,1.003875561,1.859683542,1.714485943
吉林,2019,0.3526,0.6163,0.0127,0.1111,0.352469158,0.399809264,0.521887177,0.469356626
四川,2019,0.3725,0.5536,0.0187,0.1457,0.278343432,0.471898664,0.442005887,0.419994898
天津,2019,0.3523,0.8431,0.0328,0.5208,0.222030143,0.743657229,2.014417112,1.964186178
宁夏,2019,0.4228,0.6363,0.0145,0.0642,0.539957083,0.516476487,0.662347369,0.661117405
安徽,2019,0.4133,0.5702,0.0203,0.1276,0.38755022,0.371230979,0.859073852,0.827452384
山东,2019,0.3984,0.6186,0.021,0.288,0.2999599,0.557235009,1.112607556,1.057634348
山西,2019,0.4377,0.6129,0.0112,0.085,0.532069395,0.314934779,0.686476063,0.637306684
广东,2019,0.4044,0.7265,0.0288,0.6639,0.175507318,1.00826994,1.170293791,1.139376992
广西,2019,0.3333,0.5298,0.0079,0.2211,0.387088101,0.343640645,0.448550708,0.44726732
新疆,2019,0.3527,0.5551,0.0047,0.1207,0.283628755,0.297899103,0.326874367,0.308142498
江苏,2019,0.4443,0.7247,0.0279,0.4354,0.317285609,0.861076903,1.58700043,1.550413853
江西,2019,0.4419,0.5907,0.0155,0.1418,0.42084364,0.430202591,0.475369569,0.46030291
河北,2019,0.3873,0.5877,0.0161,0.114,0.569807935,0.303198573,0.779476728,0.718325231
河南,2019,0.4351,0.5401,0.0146,0.1053,0.318746078,0.407704158,0.874790499,0.812690586
浙江,2019,0.4261,0.7158,0.0268,0.4946,0.126272216,0.659245122,1.317371898,1.287853596
海南,2019,0.207,0.5937,0.0056,0.1706,0.097539964,0.914694028,0.760414449,0.76086507
湖北,2019,0.4167,0.6183,0.0209,0.0861,0.365798707,0.441150044,0.592618523,0.559431074
湖南,2019,0.376,0.5745,0.0198,0.1092,0.4520406,0.465651179,0.504442821,0.485284954
甘肃,2019,0.3283,0.507,0.0126,0.0436,0.320141132,0.409312961,0.33415703,0.323718915
福建,2019,0.4855,0.6787,0.0178,0.3139,0.277830743,0.442087796,0.865206864,0.840055453
贵州,2019,0.3613,0.5148,0.0086,0.027,0.458284778,0.343418941,0.520272355,0.469916807
辽宁,2019,0.3826,0.7121,0.0204,0.2914,0.34406616,0.365590533,0.783250935,0.750192477
重庆,2019,0.4023,0.6824,0.0199,0.2454,0.28106942,0.465779981,0.674275149,0.641754576
陕西,2019,0.4645,0.6128,0.0227,0.1363,0.383462433,0.366068896,0.619673731,0.607055195
青海,2019,0.391,0.5878,0.0069,0.0127,0.239388717,1.001004614,0.259306764,0.253769652
黑龙江,2019,0.2656,0.6462,0.0108,0.1371,0.381421588,0.358799068,0.396376236,0.380708503
上海,2020,0.2659,0.893,0.0417,0.9011,0.140362444,0.551350379,2.865317251,2.854096617
云南,2020,0.338,0.5005,0.01,0.1098,0.465373114,0.28771061,0.417952028,0.367286519
内蒙古,2020,0.3956,0.6748,0.0093,0.0607,0.481107018,0.358878497,0.346469787,0.302753348
北京,2020,0.1583,0.8755,0.0644,0.6457,0.010624403,1.013318017,1.886219282,1.859683542
吉林,2020,0.3514,0.6264,0.013,0.1042,0.313532218,0.409400399,0.569343888,0.521887177
四川,2020,0.3616,0.5673,0.0217,0.1664,0.258091057,0.501304415,0.466213776,0.442005887
天津,2020,0.3411,0.847,0.0344,0.5231,0.227009038,0.766063482,2.035129919,2.014417112
宁夏,2020,0.4104,0.6496,0.0152,0.0315,0.524535009,0.506345306,0.710998174,0.662347369
安徽,2020,0.4052,0.5833,0.0228,0.1409,0.399026252,0.360467643,0.902303371,0.859073852
山东,2020,0.2819,0.6305,0.023,0.3026,0.302354313,0.580141461,1.172347973,1.112607556
山西,2020,0.4348,0.6253,0.012,0.0852,0.528212005,0.318972643,0.731346492,0.686476063
广东,2020,0.3923,0.7415,0.0314,0.6399,0.173120933,1.01343133,1.25054591,1.170293791
广西,2020,0.3208,0.542,0.0078,0.2198,0.427856273,0.336151352,0.513319342,0.448550708
新疆,2020,0.3439,0.5653,0.0045,0.1075,0.262480438,0.294991823,0.379428943,0.326874367
江苏,2020,0.4306,0.7344,0.0293,0.4333,0.298029367,0.911151679,1.64206195,1.58700043
江西,2020,0.4315,0.6044,0.0168,0.1567,0.40694431,0.426642959,0.525219539,0.475369569
河北,2020,0.3755,0.6007,0.0175,0.1231,0.572171276,0.31113555,0.838026611,0.779476728
河南,2020,0.4159,0.5543,0.0164,0.1214,0.331796639,0.400414574,0.922532937,0.874790499
浙江,2020,0.4088,0.7217,0.0288,0.5239,0.113531227,0.663805926,1.343732995,1.317371898
海南,2020,0.1907,0.6027,0.0066,0.1692,0.090213841,0.968128034,0.826254556,0.760414449
湖北,2020,0.3919,0.6289,0.0231,0.0991,0.368958084,0.413249657,0.61817342,0.592618523
湖南,2020,0.3815,0.5876,0.0215,0.1169,0.447367065,0.483087945,0.511498419,0.504442821
甘肃,2020,0.3163,0.5223,0.0122,0.0424,0.314295913,0.407482968,0.361094533,0.33415703
福建,2020,0.463,0.6875,0.0192,0.3211,0.258692787,0.458707936,0.907471444,0.865206864
贵州,2020,0.3484,0.5315,0.0091,0.0307,0.444596745,0.341185399,0.494499485,0.520272355
辽宁,2020,0.3743,0.7214,0.0219,0.2616,0.344010249,0.364971129,0.800866327,0.783250935
重庆,2020,0.3996,0.6946,0.0211,0.2605,0.295658934,0.461149574,0.703892987,0.674275149
陕西,2020,0.434,0.6266,0.0242,0.1443,0.401887188,0.360669206,0.644855834,0.619673731
青海,2020,0.3804,0.6008,0.0071,0.0077,0.232141539,1.068106944,0.279937024,0.259306764
黑龙江,2020,0.2543,0.6561,0.0126,0.1124,0.324169528,0.357251911,0.44095911,0.396376236
上海,2021,0.2649,0.893,0.0421,0.9396,0.129882817,0.636661983,2.866260881,2.865317251
云南,2021,0.3532,0.5105,0.0104,0.1159,0.436443066,0.29382501,0.270146153,0.417952028
内蒙古,2021,0.457,0.6821,0.0093,0.0603,0.440263551,0.37785634,0.087691431,0.346469787
北京,2021,0.1805,0.875,0.0653,0.7558,0.006822178,1.008502412,1.893791737,1.886219282
吉林,2021,0.3603,0.6336,0.0139,0.1137,0.288922642,0.426533712,0.388779657,0.569343888
四川,2021,0.3696,0.5782,0.0226,0.1768,0.237300561,0.563014035,0.312915807,0.466213776
天津,2021,0.373,0.8488,0.0366,0.5459,0.187630349,0.934219288,2.0826687,2.035129919
宁夏,2021,0.447,0.6604,0.0156,0.0473,0.52969012,0.506620608,0.576887063,0.710998174
安徽,2021,0.41,0.5939,0.0234,0.1609,0.37446378,0.375635589,0.840387408,0.902303371
山东,2021,0.3994,0.6394,0.0234,0.3528,0.273702857,0.628605952,1.157670564,1.172347973
山西,2021,0.4964,0.6342,0.0112,0.0988,0.524693696,0.331203895,0.619659847,0.731346492
广东,2021,0.4038,0.7463,0.0322,0.6648,0.134536747,1.000776422,1.313970829,1.25054591
广西,2021,0.3309,0.5508,0.0081,0.2398,0.417705872,0.342010929,0.388567755,0.513319342
新疆,2021,0.3733,0.5726,0.0049,0.0982,0.260371797,0.293432739,0.100402429,0.379428943
江苏,2021,0.4449,0.7394,0.0295,0.4478,0.276667885,1.004446656,1.650302754,1.64206195
江西,2021,0.4451,0.6146,0.017,0.168,0.376376705,0.433660894,0.434464382,0.525219539
河北,2021,0.4051,0.6114,0.0185,0.1341,0.50799217,0.334956893,0.756999651,0.838026611
河南,2021,0.4132,0.5645,0.0173,0.1393,0.301839563,0.426221931,0.873223853,0.922532937
浙江,2021,0.4242,0.7266,0.0294,0.5634,0.115393079,0.689268565,1.430081136,1.343732995
海南,2021,0.1913,0.6097,0.0073,0.2268,0.03046925,0.724941016,0.835736808,0.826254556
湖北,2021,0.379,0.6409,0.0232,0.1074,0.352478012,0.473383513,0.538890559,0.61817342
湖南,2021,0.3935,0.5971,0.0223,0.1296,0.347814285,0.534799341,0.381412837,0.511498419
甘肃,2021,0.3384,0.5333,0.0126,0.048,0.302220278,0.411361613,0.149724154,0.361094533
福建,2021,0.4685,0.697,0.0198,0.3776,0.235925973,0.492263199,0.909529063,0.907471444
贵州,2021,0.3566,0.5433,0.0092,0.0334,0.374725974,0.343889368,0.357599693,0.494499485
辽宁,2021,0.3943,0.7281,0.0218,0.28,0.327577125,0.395099132,0.688459993,0.800866327
重庆,2021,0.401,0.7032,0.0216,0.2868,0.248748211,0.463735673,0.592985577,0.703892987
陕西,2021,0.4632,0.6363,0.0235,0.1595,0.389156042,0.360576419,0.527092885,0.644855834
青海,2021,0.3982,0.6102,0.008,0.0095,0.239684751,0.980334496,0.037744826,0.279937024
黑龙江,2021,0.2672,0.6569,0.0131,0.1339,0.292488381,0.361263069,0.172250733,0.44095911
上海,2022,0.2566,0.8933,0.0444,0.9364,0.137292749,0.638903506,2.878166095,2.866260881
云南,2022,0.3616,0.5172,0.0108,0.112,0.402316736,0.293755255,0.261310556,0.270146153
内蒙古,2022,0.4854,0.686,0.009,0.0651,0.440982652,0.385162457,0.094401968,0.087691431
北京,2022,0.1587,0.8757,0.0683,0.8753,0.00563742,1.26506665,1.929774651,1.893791737
吉林,2022,0.3541,0.6372,0.0143,0.1193,0.281200443,0.43437272,0.361308497,0.388779657
四川,2022,0.3728,0.5835,0.0214,0.177,0.204858096,0.587176706,0.332523228,0.312915807
天津,2022,0.3702,0.8511,0.0349,0.509,0.179341939,1.007444784,2.107440778,2.0826687
宁夏,2022,0.4831,0.6634,0.0157,0.0423,0.513603623,0.499909878,0.616062989,0.576887063
安徽,2022,0.4127,0.6015,0.0256,0.1671,0.347723179,0.378653428,0.883909823,0.840387408
山东,2022,0.4005,0.6454,0.0249,0.3683,0.249304028,0.652654556,1.194498554,1.157670564
山西,2022,0.5398,0.6396,0.0107,0.0714,0.458715666,0.333987156,0.644659153,0.619659847
广东,2022,0.4093,0.7479,0.0342,0.6428,0.139179266,1.016609139,1.322084701,1.313970829
广西,2022,0.3399,0.5565,0.0083,0.2458,0.413479646,0.342816333,0.385993209,0.388567755
新疆,2022,0.4098,0.5789,0.0051,0.1385,0.249264619,0.290499525,0.102821643,0.100402429
江苏,2022,0.4548,0.7442,0.0312,0.4412,0.273866865,1.013758439,1.669588306,1.650302754
江西,2022,0.4477,0.6207,0.0174,0.2065,0.364149352,0.428257293,0.448917464,0.434464382
河北,2022,0.4024,0.6165,0.02,0.1298,0.500861981,0.346132766,0.790224707,0.756999651
河南,2022,0.4151,0.5707,0.0186,0.1381,0.288330191,0.423155125,0.901079469,0.873223853
浙江,2022,0.4273,0.7338,0.0311,0.6026,0.048045253,0.580895526,1.455664166,1.430081136
海南,2022,0.1923,0.6149,0.01,0.2941,0.079269524,0.906371302,0.7892564,0.835736808
湖北,2022,0.3953,0.6467,0.0233,0.114,0.378192112,0.485971341,0.590605117,0.538890559
湖南,2022,0.3941,0.6031,0.0241,0.1445,0.338784226,0.565148034,0.399218197,0.381412837
甘肃,2022,0.3522,0.5419,0.0129,0.0507,0.292894503,0.412536272,0.157005698,0.149724154
福建,2022,0.4722,0.7011,0.0204,0.3732,0.228586603,0.51331216,0.908098693,0.909529063
贵州,2022,0.3527,0.5481,0.0099,0.0362,0.338654643,0.343486693,0.323877093,0.357599693
辽宁,2022,0.4057,0.73,0.0214,0.2727,0.324968647,0.40841099,0.664497536,0.688459993
重庆,2022,0.4015,0.7096,0.0236,0.2782,0.240925916,0.464637247,0.630025421,0.592985577
陕西,2022,0.4862,0.6402,0.0235,0.1451,0.378796713,0.354650422,0.554615502,0.527092885
青海,2022,0.4392,0.6143,0.008,0.0112,0.23061086,1.001248989,0.037121502,0.037744826
黑龙江,2022,0.2924,0.6621,0.0137,0.1668,0.272450705,0.36713069,0.160662032,0.172250733
