province,year,ntl,lntl
上海,2015,1,0.69314718055994529
云南,2015,0.099995520333941573,0.095306107372343019
内蒙古,2015,0.10905874278168766,0.1035116761103085
北京,2015,1,0.69314718055994529
吉林,2015,0.18084028701551741,0.16622629268950179
四川,2015,0.086732506023292161,0.083175493240098541
天津,2015,1,0.69314718055994529
宁夏,2015,0.29747161321962812,0.26041745776048847
安徽,2015,0.083974225502481792,0.080634125523039418
山东,2015,0.074125789263884551,0.071507111448032998
山西,2015,0.10207119434680981,0.097191313314357194
广东,2015,0.077913487767139411,0.075027216731277324
广西,2015,0.10345163268791699,0.098443114932049963
新疆,2015,0.11874743843423016,0.11220970093657957
江苏,2015,0.12041776305906279,0.11370161849008439
江西,2015,0.1225700152048949,0.11562071303641877
河北,2015,0.10531652084639619,0.10013173815729091
河南,2015,0.079356784600779551,0.076365293899885348
浙江,2015,0.12873338631727982,0.12109610698495021
海南,2015,0.4375742020698079,0.36295711118833313
湖北,2015,0.14685324246481699,0.13702188093300005
湖南,2015,0.1048207489280857,0.099683103646298246
甘肃,2015,0.11505837265575292,0.10890675569938153
福建,2015,0.14782077384496134,0.13786516536521481
贵州,2015,0.12399299567628419,0.11688751984735343
辽宁,2015,0.12022748481037066,0.11353177612049863
重庆,2015,1,0.69314718055994529
陕西,2015,0.17183698509194872,0.15857259026226656
青海,2015,0.26967402923255646,0.23876019762952
黑龙江,2015,0.11653493246390077,0.110230079281898
上海,2016,1,0.69314718055994529
云南,2016,0.14057212716018189,0.13153000244380139
内蒙古,2016,0.12381378263291848,0.11672806393194748
北京,2016,1,0.69314718055994529
吉林,2016,0.20156760784311076,0.18362704414365935
四川,2016,0.1413583016193925,0.13221904579096083
天津,2016,1,0.69314718055994529
宁夏,2016,0.32588653896103881,0.28208132170826794
安徽,2016,0.088700032648788424,0.084984353893780104
山东,2016,0.074650957659518694,0.071995918306951942
山西,2016,0.10528841871131472,0.10010631332033335
广东,2016,0.079189574459284318,0.076210365430429056
广西,2016,0.11454012793300257,0.10844187851907608
新疆,2016,0.10632601020879442,0.10104462477285298
江苏,2016,0.11813087089016923,0.11165842592344573
江西,2016,0.12837897895772155,0.12078207090245531
河北,2016,0.10656775289941535,0.10126311035549843
河南,2016,0.089241222646920776,0.085481327820836478
浙江,2016,0.13076229255358793,0.12289200046736642
海南,2016,0.41093868692690111,0.34425521829571221
湖北,2016,0.17333344408555454,0.15984879533298918
湖南,2016,0.12402618676804367,0.11691704903644674
甘肃,2016,0.1113139720896722,0.1055430738737662
福建,2016,0.15295918526118088,0.14233184192765819
贵州,2016,0.13078282870168806,0.12291016163329482
辽宁,2016,0.12449185507288771,0.11733124923661092
重庆,2016,1,0.69314718055994529
陕西,2016,0.17993919121070251,0.16546290427742325
青海,2016,0.25208035798597489,0.22480645431308974
黑龙江,2016,0.10833521042151265,0.10285907905166855
上海,2017,1,0.69314718055994529
云南,2017,0.087738196329670934,0.084100491104634398
内蒙古,2017,0.12650230365480614,0.11911752585461004
北京,2017,1,0.69314718055994529
吉林,2017,0.16569851004434469,0.15332048677893526
四川,2017,0.097071722044698563,0.09264455932427014
天津,2017,1,0.69314718055994529
宁夏,2017,0.26828558920804457,0.23766605873705166
安徽,2017,0.082370988861882419,0.079153994911662653
山东,2017,0.072681917755175934,0.070161977720687274
山西,2017,0.1022718103794075,0.097373332204086754
广东,2017,0.069733603857143028,0.067409649118237852
广西,2017,0.094935095235649108,0.090695087754307513
新疆,2017,0.12986410147705146,0.12209736131233237
江苏,2017,0.11054819347438699,0.10485376140652536
江西,2017,0.12129114452972604,0.11448082895036976
河北,2017,0.10093700991791789,0.096161644403544091
河南,2017,0.078983328787712387,0.076019235542838071
浙江,2017,0.12740548306187227,0.11991896011091058
海南,2017,0.48512548016753126,0.39549926711418576
湖北,2017,0.12187275587929122,0.11499939236206912
湖南,2017,0.094908128281881901,0.090670458636132392
甘肃,2017,0.12743757956406876,0.11994742905647104
福建,2017,0.13889784433411212,0.13006099153503897
贵州,2017,0.12391397695441964,0.11681721558400153
辽宁,2017,0.11011338356119842,0.10446215745998827
重庆,2017,1,0.69314718055994529
陕西,2017,0.15092877278017178,0.1405692449232446
青海,2017,0.27519930755230293,0.24310248604261131
黑龙江,2017,0.10236557595669896,0.097458394335328047
上海,2018,1,0.69314718055994529
云南,2018,0.085924118008431707,0.082431346150104765
内蒙古,2018,0.12736418319629103,0.11988232677651384
北京,2018,1,0.69314718055994529
吉林,2018,0.1639675052529414,0.15183443247021175
四川,2018,0.098394893096458422,0.093849926058465441
天津,2018,1,0.69314718055994529
宁夏,2018,0.2817710732110143,0.24824277251474039
安徽,2018,0.083998520178763914,0.08065653786778082
山东,2018,0.072341015655918092,0.069844123681163536
山西,2018,0.10158991285177812,0.096754511574641683
广东,2018,0.069382783739061413,0.067081644411938479
广西,2018,0.096967356661903356,0.092549423933212777
新疆,2018,0.12442344645075123,0.11727041224367368
江苏,2018,0.10908105568089832,0.10353179467923454
江西,2018,0.12562588897870094,0.11833922671230329
河北,2018,0.10047211907195543,0.095739286881036223
河南,2018,0.077589736446685223,0.074726821613096267
浙江,2018,0.12535944391832174,0.11810249033047997
海南,2018,0.48686199405555097,0.39666785486948142
湖北,2018,0.12655839660081505,0.11916731851755442
湖南,2018,0.09720966509610407,0.09277028891610424
甘肃,2018,0.12659086248599685,0.11919613674613215
福建,2018,0.13760943759549885,0.12892907609035523
贵州,2018,0.12429250660106415,0.11715395480523426
辽宁,2018,0.10868924535721756,0.10317845752112234
重庆,2018,1,0.69314718055994529
陕西,2018,0.15189692341275496,0.14141008206625938
青海,2018,0.26716337497187098,0.23678083933385333
黑龙江,2018,0.098535235637857752,0.093977688466340498
上海,2019,1,0.69314718055994529
云南,2019,0.096095519297575024,0.091754337372025568
内蒙古,2019,0.12377583440538423,0.11669429599918071
北京,2019,1,0.69314718055994529
吉林,2019,0.16988790912439022,0.15690794005296446
四川,2019,0.10283094705511563,0.097880462029040424
天津,2019,1,0.69314718055994529
宁夏,2019,0.26302555829345914,0.23351007934211612
安徽,2019,0.083428912908146566,0.080130931081564619
山东,2019,0.071750668878203569,0.069293450594848191
山西,2019,0.10325685108545364,0.098266579060274084
广东,2019,0.070497287568995703,0.068123295246161272
广西,2019,0.099744658897122127,0.095078024583043125
新疆,2019,0.12275024226258448,0.11578124876175887
江苏,2019,0.10665014326059362,0.10133756336020183
江西,2019,0.12390139827821449,0.11680602367176193
河北,2019,0.10070243302503537,0.095948551479067307
河南,2019,0.076948811925067875,0.074131868655761213
浙江,2019,0.12378063044889269,0.11669856378384673
海南,2019,0.48540541009176835,0.39568773842480814
湖北,2019,0.12615906715902961,0.11881278719936446
湖南,2019,0.098476176753379926,0.093923925537155062
甘肃,2019,0.12874890913111747,0.12110985930882799
福建,2019,0.13988003413088482,0.13092302365047837
贵州,2019,0.12494894039949662,0.11773764831483503
辽宁,2019,0.10950313204586135,0.10391228632105728
重庆,2019,1,0.69314718055994529
陕西,2019,0.15515579150542602,0.14423521929795366
青海,2019,0.26793062152186076,0.23738613962999774
黑龙江,2019,0.10269218402856133,0.0977546297266884
上海,2020,1,0.69314718055994529
云南,2020,0.084095658752049732,0.08074614520522487
内蒙古,2020,0.12579549259307174,0.11848989030293972
北京,2020,1,0.69314718055994529
吉林,2020,0.16697472961582793,0.15441469892757209
四川,2020,0.089870249749874537,0.086058652228874391
天津,2020,1,0.69314718055994529
宁夏,2020,0.26928431587481344,0.23845321082010293
安徽,2020,0.085324258723137619,0.08187879830989947
山东,2020,0.071021833050476033,0.068613176925871572
山西,2020,0.10392379417077482,0.098870918453203616
广东,2020,0.068427153794232601,0.066187617312800651
广西,2020,0.097986142261772283,0.09347772211677699
新疆,2020,0.12881358147556565,0.12116715326612482
江苏,2020,0.10453886377316333,0.099427930016046773
江西,2020,0.12494517572082264,0.11773430177630512
河北,2020,0.10095266379500517,0.096175862987948557
河南,2020,0.075757103747956855,0.073024696245288623
浙江,2020,0.12059986289070976,0.11386413379557689
海南,2020,0.53133430435812468,0.42613944970272594
湖北,2020,0.1297469070355898,0.12199363156316306
湖南,2020,0.097505844269046293,0.093040191027312966
甘肃,2020,0.13478223652232127,0.12644077043060856
福建,2020,0.13719600526143172,0.12856558800400705
贵州,2020,0.12377785564582305,0.11669609461288925
辽宁,2020,0.10839980130713231,0.10291735474569255
重庆,2020,1,0.69314718055994529
陕西,2020,0.15760860539974336,0.14635633013589555
青海,2020,0.269680778959415,0.23876551372543267
黑龙江,2020,0.10158439909823748,0.09674950629338841
上海,2021,1,0.69314718055994529
云南,2021,0.12835656554145208,0.12076220732887444
内蒙古,2021,0.11220685194033286,0.10634619646115452
北京,2021,1,0.69314718055994529
吉林,2021,0.27193445592024179,0.24053893522570891
四川,2021,0.1551173864084574,0.14420197206352328
天津,2021,1,0.69314718055994529
宁夏,2021,0.31848563449791961,0.27648383141466326
安徽,2021,0.092687003011855937,0.088639803144630977
山东,2021,0.074236290636259458,0.0716099817914507
山西,2021,0.11596941418539551,0.10972345693963945
广东,2021,0.073382617236597517,0.0708149865141285
广西,2021,0.11237975840877955,0.10650164688775547
新疆,2021,0.11731866257616339,0.11093176371292723
江苏,2021,0.1085207157447121,0.10302643798685492
江西,2021,0.13727497325393689,0.12863502656205678
河北,2021,0.10848666424437449,0.10299571955023835
河南,2021,0.081510665582369343,0.078358828204576597
浙江,2021,0.12525631994236444,0.11801084965357249
海南,2021,0.46879356309114861,0.38444135844743588
湖北,2021,0.1950312942840623,0.17817237272599024
湖南,2021,0.15077170489005767,0.14043276505379004
甘肃,2021,0.10925039778047152,0.10368446987990206
福建,2021,0.15029154370380535,0.14001542650951926
贵州,2021,0.14459388547303484,0.13504988891414976
辽宁,2021,0.12945782112404108,0.12173771326631883
重庆,2021,1,0.69314718055994529
陕西,2021,0.19568642028831709,0.17872043075614563
青海,2021,0.23911780765736479,0.21439968098193324
黑龙江,2021,0.1588193224005264,0.14740166126534729
上海,2022,1,0.69314718055994529
云南,2022,0.12593589740793967,0.1186145986191033
内蒙古,2022,0.10990907632998101,0.10427809875293875
北京,2022,1,0.69314718055994529
吉林,2022,0.27446417436688014,0.24252583487981516
四川,2022,0.14980064019986203,0.13958857099926406
天津,2022,1,0.69314718055994529
宁夏,2022,0.30741631626871263,0.26805291205491383
安徽,2022,0.099895166936481594,0.095214872477709156
山东,2022,0.074312875325847239,0.071681271469930988
山西,2022,0.11357675864165045,0.10757713990757101
广东,2022,0.073824824969873387,0.071226877541362851
广西,2022,0.11777328363621328,0.11133856672350581
新疆,2022,0.11597983789824942,0.10973279739650182
江苏,2022,0.10699447259897059,0.10164866057850622
江西,2022,0.13594542928145173,0.12746528154076103
河北,2022,0.10921394138735774,0.1036516035475718
河南,2022,0.078755668144748991,0.075808217765310895
浙江,2022,0.12332634024043054,0.11629423037152867
海南,2022,0.44660960538760341,0.36922261538583867
湖北,2022,0.18622967215509251,0.17077993457185869
湖南,2022,0.15382424173882281,0.1430818529673315
甘肃,2022,0.10595139004957647,0.10070595100368203
福建,2022,0.1496546290737242,0.13946157472472454
贵州,2022,0.14415699585088021,0.13466811767724837
辽宁,2022,0.13056487241395445,0.12271739491431484
重庆,2022,1,0.69314718055994529
陕西,2022,0.19341460448350981,0.17681861374129604
青海,2022,0.23346224515593475,0.20982504861931706
黑龙江,2022,0.15913108531696499,0.14767066004744425
