province,year,eff,lntl,ind,urb,rd,open,es,fitted,resid,std_resid
上海,2015,0.5810507223454309,2.766623969,0.3181,0.8853,0.0373,1.1137,0.167006852,0.5351818519938922,0.04586887035153866,0.9769569579402853
云南,2015,0.3166292696593911,0.269845248,0.3977,0.4293,0.008,0.112,0.526132671,0.30580115268917263,0.010828116970218436,0.2306270927182608
内蒙古,2015,0.3288641213692387,0.348894406,0.5048,0.6209,0.0076,0.0445,0.525468789,0.33594231568205074,-0.007078194312812049,-0.15075782618054182
北京,2015,1.006911905860517,1.634327739,0.1974,0.8671,0.0601,0.8645,0.091198021,0.874981291282797,0.13193061457771993,2.8099783336547306
吉林,2015,0.3462864479487486,0.390974519,0.4982,0.5764,0.0101,0.0836,0.472497259,0.35586432033566656,-0.009577872386917968,-0.20399824541023906
四川,2015,0.3471621196452197,0.426214779,0.4408,0.4827,0.0167,0.1061,0.348171234,0.4300645604270421,-0.08290244078182243,-1.7657316548524284
天津,2015,0.5287792456655326,1.828517564,0.4658,0.8288,0.0308,0.4304,0.287060896,0.6324565257511849,-0.10367728008565238,-2.2082130949319128
宁夏,2015,0.5938752681391075,0.618370441,0.4738,0.5698,0.0088,0.08,0.520838903,0.5358741389134605,0.058001129225647076,1.2353608521664572
安徽,2015,0.3672507491253231,0.830909646,0.4975,0.5097,0.0196,0.1354,0.498547331,0.35050827913930527,0.016742469986017777,0.35659636744025
山东,2015,0.4544720108972753,0.861147896,0.468,0.5697,0.0227,0.2379,0.421046548,0.5055960757300162,-0.051124064832740894,-1.0888868741207403
山西,2015,0.2879029689192467,0.588181298,0.4069,0.5587,0.0104,0.0716,0.599653159,0.29169304179442995,-0.003790072875183223,-0.08072442242708885
广东,2015,1.013560194078508,1.555070592,0.4479,0.6951,0.0247,0.8746,0.225392399,0.9888679706301851,0.024692223448322878,0.525917453819442
广西,2015,0.3272308420895854,0.39571544,0.4593,0.4799,0.0063,0.1894,0.440744463,0.32249575560165333,0.004735086487932066,0.10085218265417983
新疆,2015,0.3161644919188784,0.492849443,0.3857,0.4878,0.0056,0.1314,0.281911806,0.33276533112460116,-0.01660083920572277,-0.35357978614650326
江苏,2015,0.7061670924362443,1.458556478,0.457,0.6749,0.0257,0.4846,0.363231202,0.8150475910418147,-0.10888049860557036,-2.3190359797720905
江西,2015,0.4685780093095151,0.361258693,0.503,0.523,0.0104,0.1579,0.519209489,0.411376902508863,0.05720110680065212,1.2183212462503532
河北,2015,0.2641842442103717,0.71947317,0.4827,0.5167,0.0118,0.1076,0.637128794,0.2871452808803951,-0.022961036670023433,-0.48904506181170726
河南,2015,0.2954986309911539,0.728799133,0.4842,0.4702,0.0118,0.1242,0.444740528,0.3534482340974223,-0.05794960310626843,-1.2342634019686025
浙江,2015,0.4941113204184356,1.180630426,0.4596,0.6632,0.0236,0.5036,0.215705747,0.531917569267721,-0.037806248849285504,-0.8052319052957094
海南,2015,1.047732338208394,1.11650461,0.2365,0.5491,0.0046,0.2349,0.083669164,0.9232045102571145,0.12452782795127959,2.6523070448826154
湖北,2015,0.3655467657324379,0.519183754,0.457,0.5718,0.019,0.096,0.47187068,0.38384704208048204,-0.018300276348044178,-0.3897759455035727
湖南,2015,0.3775203252910065,0.377829651,0.4432,0.5079,0.0143,0.0631,0.505183358,0.42325813091757286,-0.045737805626566395,-0.9741654221117184
甘肃,2015,0.3991622478547839,0.355442476,0.3674,0.4424,0.0122,0.0729,0.411761663,0.4380845378297175,-0.03892228997493361,-0.8290023651891664
福建,2015,0.4060544219234719,1.157684171,0.5029,0.6322,0.0151,0.4048,0.319726821,0.41625646493054536,-0.01020204300707344,-0.2172923994983904
贵州,2015,0.3665513711238582,0.429477212,0.3949,0.4296,0.0059,0.0725,0.612603845,0.38669725339951233,-0.020145882275654108,-0.4290853407159593
辽宁,2015,0.3353140418269424,0.710515129,0.4549,0.6805,0.0127,0.2084,0.401743008,0.2639145060746539,0.07139953575228852,1.5207323117466864
重庆,2015,0.4473665557648749,0.430616038,0.4498,0.6147,0.0157,0.2951,0.402290941,0.4456095416449454,0.0017570141199295362,0.037422486241955565
陕西,2015,0.3601693210621884,0.545665072,0.504,0.5474,0.0218,0.1054,0.476405922,0.35465258631984076,0.005516734742347665,0.11750043875817132
青海,2015,1.098537876422243,0.245365364,0.4995,0.5167,0.0048,0.0498,0.323608988,1.0317012997552542,0.06683657666698892,1.4235462552117066
黑龙江,2015,0.3353601214442256,0.28203587,0.3181,0.6047,0.0105,0.0868,0.413168103,0.31974097958083647,0.01561914186338914,0.3326707024513097
上海,2016,0.5226131465532506,2.750706116,0.2983,0.89,0.0382,1.0172,0.147596607,0.5060158968368703,0.01659724971638036,0.35350333393476097
云南,2016,0.3091562842494926,0.221046923,0.3848,0.4464,0.0089,0.0891,0.528513767,0.2778843010459605,0.03127198320353208,0.6660591670371836
内蒙古,2016,0.3352473473187768,0.341399542,0.4718,0.634,0.0079,0.0424,0.525149093,0.32702287836751104,0.008224468951265764,0.17517222695311938
北京,2016,0.6893496188825686,1.687652627,0.1926,0.8676,0.0596,0.7265,0.072752726,0.8389754899097697,-0.14962587102720099,-3.1868680145726804
吉林,2016,0.3582240018648497,0.349187677,0.4741,0.5875,0.0094,0.0824,0.460291495,0.34109033647535775,0.01713366538949194,0.36492840327216186
四川,2016,0.3484257509732445,0.498504931,0.4084,0.5,0.0172,0.099,0.301721479,0.4323087819310191,-0.0838830309577746,-1.7866171571101097
天津,2016,0.5506215845362348,1.840185483,0.4233,0.8327,0.03,0.3789,0.263520384,0.6174292166850885,-0.0668076321488538,-1.4229297685145275
宁夏,2016,0.5685127500147715,0.635882737,0.4697,0.5874,0.0095,0.0679,0.514195705,0.5239752929109875,0.04453745710378402,0.9485993065239988
安徽,2016,0.3643548774218254,0.840527124,0.4843,0.5262,0.0197,0.1203,0.478037717,0.33522757878091647,0.029127298640908905,0.6203797227870039
山东,2016,0.4834934291071595,0.868744765,0.4608,0.5913,0.0234,0.2275,0.363065762,0.4919033653689999,-0.008409936261840431,-0.17912247857579294
山西,2016,0.2850031353311299,0.551634543,0.3854,0.5727,0.0103,0.0843,0.601326813,0.2807605669063254,0.004242568424804517,0.09036208457685513
广东,2016,1.077161563013688,1.520167995,0.4342,0.7015,0.0256,0.7804,0.323120696,0.9384553693730745,0.13870619364061346,2.9542907847536335
广西,2016,0.3208513371341329,0.344899988,0.4517,0.4924,0.0065,0.1721,0.446588925,0.30097972429453407,0.01987161283959881,0.42324370058288013
新疆,2016,0.3060568273263035,0.47262775,0.3779,0.5042,0.0059,0.1209,0.303429136,0.31054980282044475,-0.004492975494141266,-0.09569548230021421
江苏,2016,0.695209746472347,1.478472986,0.4473,0.6893,0.0266,0.4344,0.34879057,0.7944410587573437,-0.09923131228499671,-2.1135188252814867
江西,2016,0.4240433307726532,0.3519577,0.4773,0.5399,0.0113,0.1426,0.498235561,0.3962716126870485,0.027771718085604677,0.5915073340535718
河北,2016,0.2636046900809376,0.717858373,0.4757,0.5387,0.012,0.096,0.61918797,0.26172106738069983,0.001883622700237768,0.040119111044770644
河南,2016,0.3132705829954298,0.736608703,0.4763,0.4878,0.0123,0.1165,0.401763133,0.3452702033793599,-0.03199962038393008,-0.6815570461172163
浙江,2016,0.5261764261021944,1.203758524,0.4486,0.6772,0.0243,0.47,0.185389336,0.5209176861310452,0.005258739971149222,0.11200543125301972
海南,2016,1.023567756208685,1.111663466,0.2235,0.567,0.0054,0.1849,0.095146763,0.8871442150870186,0.13642354112166633,2.9056727733691323
湖北,2016,0.3636995958971085,0.497452662,0.4486,0.5857,0.0186,0.0796,0.47272682,0.3617264666156541,0.0019731292814543742,0.0420255036947496
湖南,2016,0.3746363398444296,0.374257543,0.4228,0.527,0.015,0.0552,0.512916806,0.40338618575861684,-0.02874984591418725,-0.6123403909953521
甘肃,2016,0.3937476182042842,0.322591625,0.3494,0.4607,0.0122,0.0625,0.397060474,0.4122720209681099,-0.01852440276382565,-0.39454959394265143
福建,2016,0.407064553024796,1.137346801,0.4892,0.6439,0.0159,0.3591,0.312261576,0.39399115221068154,0.013073400814114474,0.27844919204257
贵州,2016,0.3542248362213313,0.472858462,0.3965,0.4556,0.0063,0.0319,0.58697613,0.35130350638719493,0.0029213298341363436,0.062221142269798996
辽宁,2016,0.3319782109337806,0.686396728,0.3869,0.6887,0.0169,0.2567,0.37054886,0.3114431451794096,0.020535065754371053,0.43737452474281635
重庆,2016,0.447845187902343,0.494959838,0.4452,0.6333,0.0172,0.2333,0.349493658,0.42901501110364415,0.018830176798698833,0.4010622477018875
陕西,2016,0.3619143908629094,0.532504399,0.4892,0.5639,0.0219,0.1019,0.447293981,0.3417485985361523,0.020165792326757102,0.42950940310966923
青海,2016,0.9165687949740784,0.205234075,0.4859,0.5355,0.0054,0.0392,0.310754568,1.0076404206253642,-0.09107162565128568,-1.9397263911028908
黑龙江,2016,0.3351631835018215,0.283754382,0.286,0.6109,0.0099,0.0711,0.433005381,0.3109159452123526,0.024247238289468877,0.5164397548093987
上海,2017,0.526742504128084,2.839895937,0.3046,0.891,0.0393,1.0526,0.123679962,0.542852176488717,-0.01610967236063294,-0.3431184675410409
云南,2017,0.304365535922594,0.382145727,0.3789,0.4629,0.0096,0.0966,0.508493565,0.2804329403496447,0.023932595572949272,0.5097382077947632
内蒙古,2017,0.341799003990847,0.470454956,0.3976,0.646,0.0082,0.0585,0.484921791,0.33111845820345004,0.010680545787396953,0.22748398732359984
北京,2017,0.7471259167146342,1.734540572,0.1901,0.8693,0.0564,0.7833,0.044144942,0.8484317762455631,-0.1013058595309288,-2.157704421110559
吉林,2017,0.3684952616031422,0.513926013,0.4683,0.5971,0.0086,0.084,0.391752022,0.35175521562054834,0.01674004598259387,0.3565447388086114
四川,2017,0.3857795013915419,0.579964612,0.3875,0.5178,0.0172,0.1245,0.282747027,0.42075475214561164,-0.03497525075406979,-0.7449347306358607
天津,2017,0.5881206342708691,1.921635006,0.4094,0.8357,0.0247,0.4122,0.235691868,0.6048244548504939,-0.01670382057962473,-0.3557731771980096
宁夏,2017,0.527162304551793,0.770166358,0.4358,0.6095,0.0113,0.0992,0.558523946,0.5178697455293522,0.009292559022440805,0.19792138163567824
安徽,2017,0.3662934737708983,0.98420296,0.4752,0.5429,0.0209,0.1354,0.43847254,0.3435611638367236,0.022732309934174764,0.4841734315678898
山东,2017,0.5244775436128531,1.009192493,0.4535,0.6079,0.0241,0.2468,0.343575857,0.4958436256182737,0.028633917994579403,0.6098712526273826
山西,2017,0.2953476054892521,0.698488415,0.4365,0.5859,0.0095,0.0749,0.570845106,0.2758630813323778,0.01948452415687428,0.414999133428089
广东,2017,0.868013691760749,1.613305775,0.4237,0.7074,0.0261,0.7599,0.189688731,0.9510858272687905,-0.08307213550804148,-1.7693459676147638
广西,2017,0.3265951527334279,0.470180113,0.4022,0.5059,0.0077,0.2112,0.42386227,0.3174816881728568,0.00911346456057107,0.1941068647463095
新疆,2017,0.2949627465391562,0.575053302,0.398,0.519,0.0052,0.1279,0.315357467,0.29453140151137897,0.0004313450277772385,0.009187179080938381
江苏,2017,0.7419867127755329,1.607411526,0.4502,0.7018,0.0263,0.4658,0.331560618,0.8037161427238375,-0.06172942994830469,-1.3147695950541471
江西,2017,0.4229314244793223,0.515992826,0.4812,0.557,0.0128,0.1505,0.482443162,0.40384745420944373,0.019083970269878577,0.40646777209454454
河北,2017,0.2732888330447559,0.847509626,0.4658,0.5574,0.0133,0.0993,0.588564846,0.2577967549025785,0.015492078142177405,0.3299643836431897
河南,2017,0.3375563304801622,0.879819394,0.4737,0.5056,0.0131,0.1175,0.36931778,0.34194280850764375,-0.004386478027481539,-0.09342720230424209
浙江,2017,0.5653407000920019,1.352066967,0.4295,0.6891,0.0245,0.4946,0.148109777,0.5358671472421804,0.029473552849821453,0.6277545601444684
海南,2017,0.9421796080508884,1.212201955,0.2233,0.5804,0.0052,0.1575,0.099196021,0.8606504041816713,0.08152920386921714,1.7364832049475543
湖北,2017,0.3778233514035932,0.651975419,0.4352,0.5988,0.0197,0.0884,0.460921051,0.371160181548313,0.006663169855280196,0.14191825746228776
湖南,2017,0.3858036344401472,0.524222134,0.4175,0.5462,0.0168,0.0718,0.546988503,0.4027213824475604,-0.016917748007413178,-0.36032959830606026
甘肃,2017,0.3938647688121444,0.445784714,0.3434,0.4812,0.0119,0.0437,0.364730401,0.38378767633684335,0.010077092475301051,0.2146310893227136
福建,2017,0.405297620980829,1.322871989,0.4771,0.6578,0.0169,0.3601,0.288372825,0.40482622131499413,0.0004713996658348837,0.010040299226437748
贵州,2017,0.3471599129012762,0.561774114,0.4009,0.4776,0.0071,0.0407,0.558226877,0.33410782550470297,0.013052087396573188,0.277995239472889
辽宁,2017,0.3407071041763855,0.809513352,0.393,0.6949,0.0184,0.2883,0.356825877,0.3435913840309498,-0.002884279854564315,-0.06143201807604721
重庆,2017,0.4498974587388517,0.627281839,0.4419,0.65,0.0188,0.2321,0.346142945,0.4261155068586043,0.023781951880247384,0.5065296612875787
陕西,2017,0.3668164483642979,0.667160257,0.497,0.5807,0.021,0.1242,0.426510518,0.3365488416838803,0.0302676066804176,0.6446670415034957
青海,2017,0.9398801871172894,0.360255076,0.4429,0.5545,0.0068,0.017,0.242700133,0.9990889503534657,-0.059208763236176264,-1.2610821407046262
黑龙江,2017,0.3388991608377488,0.414024517,0.2553,0.619,0.0092,0.0806,0.423307433,0.3125391441546173,0.026360016683131475,0.5614396324269503
上海,2018,0.5393823316256199,2.846855368,0.2978,0.8913,0.0416,1.0408,0.133086962,0.5846395067192603,-0.04525717509364051,-0.9639285154745628
云南,2018,0.2996437682230934,0.394387997,0.3891,0.4744,0.0105,0.1102,0.496666828,0.30814784893044567,-0.008504080707352243,-0.18112765268165817
内蒙古,2018,0.3483358892775954,0.455073816,0.3937,0.6551,0.0075,0.0598,0.492439433,0.3387431764866604,0.009592712790935001,0.20431432984510728
北京,2018,0.8854990485752747,1.714485944,0.1863,0.8709,0.0617,0.8966,0.016323334,0.964795935325108,-0.07929688674983328,-1.6889372827262945
吉林,2018,0.3928027980757418,0.491865136,0.4253,0.6085,0.0076,0.0904,0.337867831,0.35939571837605905,0.033407079699682776,0.7115343959190383
四川,2018,0.4304708743279495,0.636037194,0.3767,0.535,0.0181,0.1462,0.294511973,0.44369014119783845,-0.013219266869888974,-0.28155598008910404
天津,2018,0.6720824742167901,1.964186177,0.4046,0.8395,0.0262,0.4296,0.22606132,0.656738498418547,0.015343975798243113,0.3268099650956002
宁夏,2018,0.5198050398940012,0.76293772,0.4454,0.6215,0.0123,0.0672,0.553266134,0.520342134634831,-0.0005370947408299093,-0.01143953273986178
安徽,2018,0.3697627857412565,1.00809717,0.4613,0.5565,0.0216,0.138,0.400115201,0.364626325231389,0.005136460509867515,0.10940101196828916
山东,2018,0.5357235211650353,1.063354876,0.4399,0.6146,0.0215,0.2524,0.302448546,0.5154558668302898,0.02026765433474551,0.43167895288692254
山西,2018,0.3074492353099122,0.710881286,0.4215,0.5985,0.0105,0.0814,0.547796458,0.2983995209019557,0.009049714407956475,0.19274905596032324
广东,2018,0.9388331995578508,1.704219573,0.4183,0.7181,0.0278,0.7361,0.171627155,0.9818436454494167,-0.04301044589156588,-0.9160756315959695
广西,2018,0.3399273133914116,0.501536567,0.3967,0.5182,0.0071,0.2017,0.40317647,0.3265497133230118,0.013377600068399779,0.28492830469122726
新疆,2018,0.2964020163580027,0.592943512,0.4036,0.5401,0.0053,0.1087,0.278665532,0.28767329667030817,0.00872871968769451,0.18591221818737158
江苏,2018,0.8012942222315311,1.647892731,0.4455,0.7119,0.027,0.473,0.301319363,0.8361077726991916,-0.03481355046766048,-0.7414906907304128
江西,2018,0.4273526847946677,0.540922483,0.4662,0.5734,0.0141,0.1438,0.437386791,0.42027793153240817,0.007074753262259549,0.1506845355532798
河北,2018,0.2819449766076745,0.854078073,0.4454,0.5733,0.0139,0.0987,0.573307962,0.2655919706239771,0.016353005983697388,0.3483012085663098
河南,2018,0.3710701562547597,0.914965962,0.4585,0.5224,0.014,0.1147,0.337963641,0.3565757536743218,0.014494402580437904,0.3087149812851547
浙江,2018,0.6079819602556331,1.403207585,0.4183,0.7002,0.0257,0.5073,0.127407298,0.572089391679085,0.035892568576548156,0.7644726007086264
海南,2018,0.9064950043571234,1.24570646,0.2268,0.5913,0.0056,0.1755,0.101810757,0.8893271898950708,0.01716781446205267,0.3656557413075162
湖北,2018,0.4130352712187702,0.688812931,0.4341,0.61,0.0209,0.0885,0.392890652,0.4064236148835926,0.006611656335177657,0.14082107561528628
湖南,2018,0.4281556794939887,0.541396487,0.3968,0.5609,0.0181,0.0844,0.472482466,0.43342975201667894,-0.005274072522690234,-0.11233199789388411
甘肃,2018,0.4001322464087809,0.461733585,0.3389,0.4969,0.0118,0.048,0.319567599,0.39665302001617997,0.0034792263926009684,0.07410373105879171
福建,2018,0.4109125185685708,1.368982464,0.4813,0.6698,0.018,0.3448,0.285752506,0.42389489793972185,-0.01298237937115106,-0.2765105344880372
贵州,2018,0.3454913899152027,0.550188723,0.3887,0.4954,0.0082,0.0338,0.475500718,0.34558731873230636,-9.592881710367152e-05,-0.002043179276449241
辽宁,2018,0.3535199805461939,0.830655994,0.396,0.7026,0.0182,0.2985,0.349039977,0.37022676320322184,-0.016706782657027942,-0.3558362662191005
重庆,2018,0.4638285330337155,0.641754576,0.409,0.6661,0.0201,0.2564,0.306731459,0.4530726615560049,0.010755871477710637,0.2290883424494099
陕西,2018,0.3699216684108768,0.703685032,0.4975,0.5965,0.0218,0.1438,0.397156775,0.36384068069349,0.006080987717386802,0.12951841229399658
青海,2018,0.9846025326725416,0.358926407,0.4352,0.5727,0.006,0.0168,0.236363451,0.9918590858276012,-0.007256553155059535,-0.1545566751735171
黑龙江,2018,0.3595193760240896,0.403762803,0.2464,0.6346,0.0083,0.1069,0.378213378,0.3253793630656829,0.03414001295840672,0.7271450756965966
上海,2019,0.5436378558908417,2.854096617,0.2699,0.8922,0.04,0.8925,0.133647517,0.5397023223095305,0.003935533581311192,0.08382257696783793
云南,2019,0.2973776032362906,0.379165677,0.3428,0.4867,0.0095,0.1001,0.482101378,0.30437005224660046,-0.006992449010309884,-0.14893154466874142
内蒙古,2019,0.3589967499378854,0.486750099,0.3962,0.6646,0.0086,0.0638,0.497306803,0.37001379608661084,-0.011017046148725453,-0.23465107835570428
北京,2019,1.003875560815787,1.859683542,0.4036,0.8735,0.0631,0.8111,0.012138103,1.0095076309421984,-0.00563207012641153,-0.11995695676470436
吉林,2019,0.3998092638600845,0.548710165,0.3526,0.6163,0.0127,0.1111,0.352469158,0.42461256169612244,-0.024803297836037977,-0.5282832172466976
四川,2019,0.4718986635871463,0.68763976,0.3725,0.5536,0.0187,0.1457,0.278343432,0.45788254164979,0.014016121937356374,0.2985281247411504
天津,2019,0.7436572293617392,2.014417112,0.3523,0.8431,0.0328,0.5208,0.222030143,0.7749474957019692,-0.03129026634022998,-0.6664485779268144
宁夏,2019,0.5164764874846156,0.757993559,0.4228,0.6363,0.0145,0.0642,0.539957083,0.539600468638218,-0.023123981153602414,-0.49251560176114234
安徽,2019,0.3712309785956912,1.029415308,0.4133,0.5702,0.0203,0.1276,0.38755022,0.3619205186724164,0.009310459923274757,0.1983026513179071
山东,2019,0.5572350089561109,1.121007815,0.3984,0.6186,0.021,0.288,0.2999599,0.5629328120411617,-0.0056978030850509025,-0.12135699715847399
山西,2019,0.3149347791209197,0.770228169,0.4377,0.6129,0.0112,0.085,0.532069395,0.3261677279678432,-0.01123294884692352,-0.2392495705711466
广东,2019,1.008269939701071,1.742510484,0.4044,0.7265,0.0288,0.6639,0.175507318,0.980040354399853,0.02822958530121799,0.6012594068357864
广西,2019,0.3436406449307456,0.499172611,0.3333,0.5298,0.0079,0.2211,0.387088101,0.3503327677950542,-0.006692122864308609,-0.142534925006241
新疆,2019,0.2978991031948449,0.631062331,0.3527,0.5551,0.0047,0.1207,0.283628755,0.29742880401676813,0.0004702991780767586,0.010016860036324963
江苏,2019,0.8610769025311493,1.680880814,0.4443,0.7247,0.0279,0.4354,0.317285609,0.8392683017980991,0.021808600733050187,0.46449943209426103
江西,2019,0.4302025914977265,0.568545003,0.4419,0.5907,0.0155,0.1418,0.42084364,0.4358209240103474,-0.005618332512620889,-0.11966436056001467
河北,2019,0.3031985730688279,0.922996462,0.3873,0.5877,0.0161,0.114,0.569807935,0.30233423723021297,0.0008643358386149248,0.018409411547753288
河南,2019,0.4077041583057455,0.990614922,0.4351,0.5401,0.0146,0.1053,0.318746078,0.3714585923466016,0.03624556595914391,0.7719910603179126
浙江,2019,0.6592451216775217,1.445630369,0.4261,0.7158,0.0268,0.4946,0.126272216,0.5871712375574923,0.07207388412002935,1.535095197182734
海南,2019,0.914694027616302,1.247611723,0.207,0.5937,0.0056,0.1706,0.097539964,0.917301168237019,-0.0026071406207170134,-0.05552925437704369
湖北,2019,0.4411500439428012,0.729901353,0.4167,0.6183,0.0209,0.0861,0.365798707,0.43427189413428297,0.006878149808518235,0.14649709621554113
湖南,2019,0.4656511792426026,0.559733908,0.376,0.5745,0.0198,0.1092,0.4520406,0.4694310442882277,-0.003779865045625122,-0.08050700678035884
甘肃,2019,0.4093129609704698,0.462002393,0.3283,0.507,0.0126,0.0436,0.320141132,0.4150851146042924,-0.005772153633822583,-0.12294058283199244
福建,2019,0.4420877963703216,1.392155418,0.4855,0.6787,0.0178,0.3139,0.277830743,0.4324236076619408,0.00966418870838077,0.20583668900369656
贵州,2019,0.3434189409041392,0.605872927,0.3613,0.5148,0.0086,0.027,0.458284778,0.35299788051837283,-0.009578939614233638,-0.20402097618916945
辽宁,2019,0.3655905333001583,0.858906763,0.3826,0.7121,0.0204,0.2914,0.34406616,0.4031824724837161,-0.037591939183557806,-0.8006673429360543
重庆,2019,0.465779980985918,0.674275148,0.4023,0.6824,0.0199,0.2454,0.28106942,0.45949916374551897,0.006280817240399026,0.1337745633919521
陕西,2019,0.3660688960612864,0.720031321,0.4645,0.6128,0.0227,0.1363,0.383462433,0.37247007546469435,-0.006401179403407977,-0.13633814631263697
青海,2019,1.001004613704661,0.369343457,0.391,0.5878,0.0069,0.0127,0.239388717,1.0000713271826385,0.0009332865220225911,0.01987798597292654
黑龙江,2019,0.3587990680883049,0.41452451,0.2656,0.6462,0.0108,0.1371,0.381421588,0.37167836151412026,-0.012879293425815336,-0.2743149161789369
上海,2020,0.5513503794221919,2.865317251,0.2659,0.893,0.0417,0.9011,0.140362444,0.5708957078937685,-0.01954532847157663,-0.4162941990764461
云南,2020,0.2877106104413493,0.428757989,0.338,0.5005,0.01,0.1098,0.465373114,0.31288873725160266,-0.02517812681025332,-0.5362666659689096
内蒙古,2020,0.3588784969018692,0.539418373,0.3956,0.6748,0.0093,0.0607,0.481107018,0.3818093519095868,-0.022930855007717646,-0.488402225291735
北京,2020,1.013318017353815,1.886219282,0.1583,0.8755,0.0644,0.6457,0.010624403,0.9408664998486226,0.07245151750519241,1.5431383768023346
吉林,2020,0.4094003991166074,0.599725883,0.3514,0.6264,0.013,0.1042,0.313532218,0.4350646415203326,-0.02566424240372519,-0.5466203984189542
四川,2020,0.5013044151386656,0.711758234,0.3616,0.5673,0.0217,0.1664,0.258091057,0.4836299721143007,0.017674443024364946,0.37644637764211386
天津,2020,0.7660634819090113,2.035129919,0.3411,0.847,0.0344,0.5231,0.227009038,0.797937098147887,-0.03187361623887571,-0.6788732951266918
宁夏,2020,0.5063453055739613,0.808717012,0.4104,0.6496,0.0152,0.0315,0.524535009,0.530613565263437,-0.024268259689475668,-0.5168874877237883
安徽,2020,0.360467642671163,1.066999188,0.4052,0.5833,0.0228,0.1409,0.399026252,0.3803399708249971,-0.019872328153834093,-0.4232589359966562
山东,2020,0.5801414610347297,1.179364949,0.2819,0.6305,0.023,0.3026,0.302354313,0.5768209969751636,0.0033204640595660695,0.07072226635890787
山西,2020,0.3189726431151333,0.818521391,0.4348,0.6253,0.012,0.0852,0.528212005,0.33321600180962746,-0.014243358694494175,-0.3033680200619666
广东,2020,1.013431330409168,1.828313946,0.3923,0.7415,0.0314,0.6399,0.173120933,0.9884959712151925,0.024935359193975465,0.5310959802714528
广西,2020,0.3361513521119303,0.572866091,0.3208,0.542,0.0078,0.2198,0.427856273,0.34855707240329925,-0.012405720291368948,-0.2642283244393723
新疆,2020,0.2949918227551737,0.662339492,0.3439,0.5653,0.0045,0.1075,0.262480438,0.2950449406934214,-5.31179382476793e-05,-0.0011313542052548025
江苏,2020,0.9111516786039356,1.734346402,0.4306,0.7344,0.0293,0.4333,0.298029367,0.8565683679002738,0.05458331070366188,1.1625650418393207
江西,2020,0.4266429592331111,0.623416793,0.4315,0.6044,0.0168,0.1567,0.40694431,0.45220923469064056,-0.025566275457529482,-0.5445338092136709
河北,2020,0.3111355498630635,0.985940229,0.3755,0.6007,0.0175,0.1231,0.572171276,0.3171301932766347,-0.005994643413571208,-0.1276793727069153
河南,2020,0.4004145735663523,1.039442305,0.4159,0.5543,0.0164,0.1214,0.331796639,0.3852120989554668,0.015202474610885496,0.3237961439902108
浙江,2020,0.6638059260190341,1.522627103,0.4088,0.7217,0.0288,0.5239,0.113531227,0.6328068228136099,0.03099910320542419,0.6602471204183966
海南,2020,0.9681280337201268,1.25154021,0.1907,0.6027,0.0066,0.1692,0.090213841,0.9232191038568471,0.04490892986327971,0.9565112715297475
湖北,2020,0.4132496568315555,0.76171679,0.3919,0.6289,0.0231,0.0991,0.368958084,0.45417425624970126,-0.04092459941814575,-0.87164937453349
湖南,2020,0.4830879453257223,0.567100637,0.3815,0.5876,0.0215,0.1169,0.447367065,0.47820139146720214,0.004886553858520146,0.104078272602828
甘肃,2020,0.4074829682568279,0.492763806,0.3163,0.5223,0.0122,0.0424,0.314295913,0.4044998465442669,0.0029831217125610016,0.06353724194935312
福建,2020,0.4587079358149891,1.425260825,0.463,0.6875,0.0192,0.3211,0.258692787,0.45140735927722847,0.007300576537760636,0.15549432525542037
贵州,2020,0.341185399003432,0.582417501,0.3484,0.5315,0.0091,0.0307,0.444596745,0.33952085465340576,0.0016645443500261925,0.03545298090175748
辽宁,2020,0.3649711285483724,0.864012434,0.3743,0.7214,0.0219,0.2616,0.344010249,0.3988327053049803,-0.03386157675660788,-0.7212146879934526
重庆,2020,0.4611495741756552,0.703892989,0.3996,0.6946,0.0211,0.2605,0.295658934,0.4705441928653093,-0.009394618689654056,-0.20009514133904288
陕西,2020,0.3606692059459596,0.740290689,0.434,0.6266,0.0242,0.1443,0.401887188,0.3747474265331659,-0.014078220587206296,-0.2998507583177918
青海,2020,1.068106944398195,0.393029254,0.3804,0.6008,0.0071,0.0077,0.232141539,0.995246143436588,0.07286080096160699,1.5518556684524147
黑龙江,2020,0.3572519107120143,0.460408338,0.2543,0.6561,0.0126,0.1124,0.324169528,0.3851682222765599,-0.027916311564545594,-0.5945870176002008
上海,2021,0.6366619826711226,2.866260881,0.2649,0.893,0.0421,0.9396,0.129882817,0.6164423471588235,0.02021963551229912,0.4306562042920354
云南,2021,0.2938250096288113,0.2841577,0.3532,0.5105,0.0104,0.1159,0.436443066,0.30330131428702467,-0.009476304658213353,-0.20183496346107208
内蒙古,2021,0.3778563397343704,0.343528085,0.457,0.6821,0.0093,0.0603,0.440263551,0.3684867231210366,0.009369616613333825,0.19956262435668035
北京,2021,1.008502412368149,1.893791737,0.1805,0.875,0.0653,0.7558,0.006822178,1.0251863401224455,-0.016683927754296467,-0.3553494816945321
吉林,2021,0.4265337117276493,0.427538332,0.3603,0.6336,0.0139,0.1137,0.288922642,0.42982931731850255,-0.003295605590853211,-0.07019280806210074
四川,2021,0.5630140354272554,0.590758239,0.3696,0.5782,0.0226,0.1768,0.237300561,0.47989125210339345,0.0831227833238619,1.7704247109038627
天津,2021,0.93421928823614,2.082668701,0.373,0.8488,0.0366,0.5459,0.187630349,0.8595420683441957,0.07467721989194433,1.5905434124262094
宁夏,2021,0.5066206083133278,0.690231123,0.447,0.6604,0.0156,0.0473,0.52969012,0.5254208275931781,-0.018800219279850296,-0.40042418519331835
安徽,2021,0.3756355894442298,1.033685486,0.41,0.5939,0.0234,0.1609,0.37446378,0.39492465637402496,-0.01928906692979517,-0.4108361074692804
山东,2021,0.6286059515997537,1.15797482,0.3994,0.6394,0.0234,0.3528,0.273702857,0.6189811321001306,0.00962481949962312,0.20499816775541604
山西,2021,0.3312038947007444,0.731825661,0.4964,0.6342,0.0112,0.0988,0.524693696,0.3315417591199042,-0.0003378644191598095,-0.00719614397757987
广东,2021,1.000776421654061,1.943741021,0.4038,0.7463,0.0322,0.6648,0.134536747,1.0459496370020955,-0.045173215348034396,-0.9621402643790344
广西,2021,0.342010928741094,0.474314164,0.3309,0.5508,0.0081,0.2398,0.417705872,0.3518255132245968,-0.009814584483502828,-0.209039955136571
新疆,2021,0.2934327386411296,0.438465709,0.3733,0.5726,0.0049,0.0982,0.260371797,0.2674862852781314,0.025946453362998202,0.5526311843431719
江苏,2021,1.004446656023134,1.751566568,0.4449,0.7394,0.0295,0.4478,0.276667885,0.8858873450606248,0.11855931096250921,2.525184136555565
江西,2021,0.4336608942703569,0.5542652,0.4451,0.6146,0.017,0.168,0.376376705,0.45637651786401745,-0.022715623593660556,-0.48381803069703755
河北,2021,0.3349568933069858,0.930924525,0.4051,0.6114,0.0185,0.1341,0.50799217,0.3338920979861993,0.0010647953207864975,0.022678980089374346
河南,2021,0.4262219306422462,1.006082929,0.4132,0.5645,0.0173,0.1393,0.301839563,0.4017138852442313,0.02450804539801494,0.52199466203562
浙江,2021,0.6892685651206794,1.580349151,0.4242,0.7266,0.0294,0.5634,0.115393079,0.6801150946500023,0.00915347047067707,0.19495894703953476
海南,2021,0.7249410156139366,1.380214146,0.1913,0.6097,0.0073,0.2268,0.03046925,0.994872877413221,-0.2699318617992843,-5.749254527820305
湖北,2021,0.473383513460423,0.719590632,0.379,0.6409,0.0232,0.1074,0.352478012,0.4533679011218006,0.020015612338622396,0.42631073300449474
湖南,2021,0.5347993409853825,0.446129998,0.3935,0.5971,0.0223,0.1296,0.347814285,0.48879910154369244,0.04600023944169006,0.9797549764155188
甘肃,2021,0.4113616125848464,0.318286927,0.3384,0.5333,0.0126,0.048,0.302220278,0.3858403629160476,0.02552124966879879,0.5435748089756
福建,2021,0.4922631985736569,1.496074243,0.4685,0.697,0.0198,0.3776,0.235925973,0.502384701444758,-0.010121502871101057,-0.21557698236191766
贵州,2021,0.3438893679377995,0.46986279,0.3566,0.5433,0.0092,0.0334,0.374725974,0.333571360869743,0.01031800706805653,0.21976230763827256
辽宁,2021,0.3950991322495656,0.749363841,0.3943,0.7281,0.0218,0.28,0.327577125,0.40170644507550973,-0.00660731282594413,-0.14072856360147223
重庆,2021,0.4637356734028739,0.592985578,0.401,0.7032,0.0216,0.2868,0.248748211,0.4806094030929337,-0.016873729690059805,-0.3593920561105447
陕西,2021,0.3605764191237145,0.666067254,0.4632,0.6363,0.0235,0.1595,0.389156042,0.37365711189480766,-0.013080692771093135,-0.2786045027806083
青海,2021,0.9803344956006036,0.208673474,0.3982,0.6102,0.008,0.0095,0.239684751,0.9764681445145762,0.0038663510860274045,0.08234906520229476
黑龙江,2021,0.3612630692426392,0.199237623,0.2672,0.6569,0.0131,0.1339,0.292488381,0.38102916718703295,-0.019766097944393747,-0.4209963482882428
上海,2022,0.6389035056978963,2.878166095,0.2566,0.8933,0.0444,0.9364,0.137292749,0.6446126189335762,-0.005709113235679894,-0.12159789104288105
云南,2022,0.293755254690567,0.274027264,0.3616,0.5172,0.0108,0.112,0.402316736,0.30963698925113825,-0.01588173456057125,-0.3382636407698297
内蒙古,2022,0.3851624568931784,0.366068414,0.4854,0.686,0.009,0.0651,0.440982652,0.3820037055668557,0.0031587513263226993,0.06727796134945711
北京,2022,1.265066650072873,1.929774651,0.1587,0.8757,0.0683,0.8753,0.00563742,1.1169041669671136,0.14816248310575933,3.15569944641172
吉林,2022,0.4343727199038105,0.398531762,0.3541,0.6372,0.0143,0.1193,0.281200443,0.4383124927580449,-0.003939772854234427,-0.08391286886182177
四川,2022,0.5871767058676729,0.623744516,0.3728,0.5835,0.0214,0.177,0.204858096,0.48701006478970044,0.10016664107797249,2.1334403094003767
天津,2022,1.007444783973375,2.107440778,0.3702,0.8511,0.0349,0.509,0.179341939,0.8471133642703258,0.16033141970304912,3.4148845361761477
宁夏,2022,0.499909878182166,0.731129463,0.4831,0.6634,0.0157,0.0423,0.513603623,0.5450114686702792,-0.04510159048811316,-0.9606147329080114
安徽,2022,0.3786534280017262,1.070435696,0.4127,0.6015,0.0256,0.1671,0.347723179,0.4225410319123411,-0.04388760391061492,-0.9347581416154108
山东,2022,0.6526545559417306,1.197341238,0.4005,0.6454,0.0249,0.3683,0.249304028,0.6492696076506125,0.003384948291118156,0.07209571022638105
山西,2022,0.3339871557679442,0.756578197,0.5398,0.6396,0.0107,0.0714,0.458715666,0.3371597179218188,-0.003172562153874625,-0.067572116927485
广东,2022,1.016609139072248,1.951320749,0.4093,0.7479,0.0342,0.6428,0.139179266,1.0619167039087358,-0.0453075648364879,-0.9650017620905421
广西,2022,0.3428163333775334,0.474905392,0.3399,0.5565,0.0083,0.2458,0.413479646,0.3610016696948539,-0.018185336317320472,-0.3873278480923918
新疆,2022,0.2904995245901567,0.500996017,0.4098,0.5789,0.0051,0.1385,0.249264619,0.30492940920859246,-0.014429884618435737,-0.3073408189958483
江苏,2022,1.013758439169936,1.770671132,0.4548,0.7442,0.0312,0.4412,0.273866865,0.9040548702626249,0.109703568907311,2.336566480348994
江西,2022,0.4282572931132526,0.578715966,0.4477,0.6207,0.0174,0.2065,0.364149352,0.48548860996783677,-0.05723131685458416,-1.2189646874810274
河北,2022,0.3461327660808853,0.962061646,0.4024,0.6165,0.02,0.1298,0.500861981,0.3528349239828052,-0.0067021579019199366,-0.14274866037278572
河南,2022,0.4231551247900952,1.033653278,0.4151,0.5707,0.0186,0.1381,0.288330191,0.41926991182089784,0.0038852129691973793,0.08275080276115632
浙江,2022,0.5808955258420825,1.617957356,0.4273,0.7338,0.0311,0.6026,0.048045253,0.7259405961864462,-0.1450450703443638,-3.089301951451066
海南,2022,0.906371301709008,1.364573698,0.1923,0.6149,0.01,0.2941,0.079269524,1.0383896165565023,-0.1320183148474943,-2.8118462538392186
湖北,2022,0.4859713409492087,0.7808928,0.3953,0.6467,0.0233,0.114,0.378192112,0.4688881828020708,0.017083158147137928,0.36385265404472367
湖南,2022,0.5651480342707433,0.467838783,0.3941,0.6031,0.0241,0.1445,0.338784226,0.5155754904544709,0.04957254381627239,1.055841167069038
甘肃,2022,0.4125362718351546,0.328631359,0.3522,0.5419,0.0129,0.0507,0.292894503,0.3913781157118344,0.021158156123320226,0.4506456706573583
福建,2022,0.5133121595376036,1.484745575,0.4722,0.7011,0.0204,0.3732,0.228586603,0.5105158000143696,0.0027963595232339544,0.059559410820204786
贵州,2022,0.3434866927962318,0.42375074,0.3527,0.5481,0.0099,0.0362,0.338654643,0.34162191073803216,0.0018647820581996002,0.039717825898871406
辽宁,2022,0.4084109900601219,0.717928124,0.4057,0.73,0.0214,0.2727,0.324968647,0.40269370028907886,0.0057172897710429955,0.12177204233663713
重庆,2022,0.4646372474099707,0.63002542,0.4015,0.7096,0.0236,0.2782,0.240925916,0.4997747305472427,-0.03513748313727201,-0.7483901036232037
陕西,2022,0.3546504219339716,0.69767463,0.4862,0.6402,0.0235,0.1451,0.378796713,0.38312145063917397,-0.028471028705202375,-0.6064018882543067
青海,2022,1.001248988942808,0.205893713,0.4392,0.6143,0.008,0.0112,0.23061086,0.9882090621369327,0.013039926805875277,0.2777362321416873
黑龙江,2022,0.3671306897275555,0.184944749,0.2924,0.6621,0.0137,0.1668,0.272450705,0.40693539658719785,-0.039804706859642325,-0.8477968833168894
