,"碳排放效率
eff","夜间灯光
lntl","产业结构
ind","城镇化率
urb","研发投入
rd","对外开放度
open","能源结构
es"
"碳排放效率
eff",0.0,8.26771409241337e-17,0.11722187315991187,1.0985218578824229e-20,7.110229352777718e-18,2.9013569712626995e-16,4.176664069162402e-35
"夜间灯光
lntl",8.26771409241337e-17,0.0,0.9350292209921879,1.4372915384410792e-32,4.214168142982715e-47,6.825372035583123e-46,5.328546892054466e-13
"产业结构
ind",0.11722187315991187,0.9350292209921879,0.0,0.22687386394412248,0.6602482179450297,0.08577288452083777,8.91205252920721e-10
"城镇化率
urb",1.0985218578824229e-20,1.4372915384410792e-32,0.22687386394412248,0.0,7.868219535075282e-34,4.610758762451772e-30,3.775674966349498e-18
"研发投入
rd",7.110229352777718e-18,4.214168142982715e-47,0.6602482179450297,7.868219535075282e-34,0.0,6.709205799112176e-38,6.359439481548186e-12
"对外开放度
open",2.9013569712626995e-16,6.825372035583123e-46,0.08577288452083777,4.610758762451772e-30,6.709205799112176e-38,0.0,1.1703184628043159e-29
"能源结构
es",4.176664069162402e-35,5.328546892054466e-13,8.91205252920721e-10,3.775674966349498e-18,6.359439481548186e-12,1.1703184628043159e-29,0.0
