province,year,eff,lntl,ind,urb,rd,open,es,fitted,resid,std_resid,mean_ci_lower,mean_ci_upper,obs_ci_lower,obs_ci_upper
上海,2015,0.5810507223454309,2.766623969,0.3181,0.8853,0.0373,1.1137,0.167006852,0.5352028286038506,0.04584789374158027,0.9765213535450585,0.4816018916851717,0.5888037655225294,0.41999174658146593,0.6504139106262352
云南,2015,0.3166292696593911,0.269845248,0.3977,0.4293,0.008,0.112,0.526132671,0.30580246267217853,0.010826806987212556,0.23060183033305703,0.26463241982781543,0.34697250551654163,0.1958228945242032,0.41578203082015386
内蒙古,2015,0.3288641213692387,0.348894406,0.5048,0.6209,0.0076,0.0445,0.525468789,0.33594205740426397,-0.007077936035025267,-0.1507540502555256,0.29327425705406995,0.378609857754459,0.2253930901140518,0.44649102469447716
北京,2015,1.006911905860517,1.634327739,0.1974,0.8671,0.0601,0.8645,0.091198021,0.8749645246320477,0.13194738122846927,2.8103676046756925,0.8234772534611291,0.9264517958029658,0.7607214851292571,0.9892075641348378
吉林,2015,0.3462864479487486,0.390974519,0.4982,0.5764,0.0101,0.0836,0.472497259,0.3558639280393031,-0.009577480090554535,-0.20399222425123276,0.3089338937246516,0.40279396235395465,0.24360101740991125,0.468126838668695
四川,2015,0.3471621196452197,0.426214779,0.4408,0.4827,0.0167,0.1061,0.348171234,0.43006966964816945,-0.08290755000294975,-1.7658606828116963,0.3874569456369533,0.47268239365938547,0.31954194810346137,0.5405973911928774
天津,2015,0.5287792456655326,1.828517564,0.4658,0.8288,0.0308,0.4304,0.287060896,0.632450715279807,-0.10367146961427443,-2.2081146061443295,0.5817597155557103,0.6831417150039042,0.5185643226104595,0.746337107949155
宁夏,2015,0.5938752681391075,0.618370441,0.4738,0.5698,0.0088,0.08,0.520838903,0.5358763487137174,0.05799891942539015,1.2353279219469901,0.4871143023995336,0.5846383950279009,0.4228353378240625,0.648917359603372
安徽,2015,0.3672507491253231,0.830909646,0.4975,0.5097,0.0196,0.1354,0.498547331,0.3505094555053058,0.01674129362001725,0.3565753924937235,0.3092955879182255,0.3917233230923863,0.24051347438011272,0.46050543663049903
山东,2015,0.4544720108972753,0.861147896,0.468,0.5697,0.0227,0.2379,0.421046548,0.5055971373341416,-0.051125126436866286,-1.0889219458954817,0.4591279009091954,0.552066373759088,0.3935260754308742,0.6176681992374091
山西,2015,0.2879029689192467,0.588181298,0.4069,0.5587,0.0104,0.0716,0.599653159,0.29169150837544583,-0.0037885394561991137,-0.08069268565703308,0.24589533915165962,0.33748767759923215,0.1798978497995583,0.40348516695133346
广东,2015,1.013560194078508,1.555070592,0.4479,0.6951,0.0247,0.8746,0.225392399,0.9888511444693227,0.024709049609185296,0.5262818550656929,0.9370985192484871,1.040603769690158,0.8744882693766741,1.103214019561971
广西,2015,0.3272308420895854,0.39571544,0.4593,0.4799,0.0063,0.1894,0.440744463,0.3224979489886009,0.004732893100984514,0.10080661945362003,0.2783810790789966,0.3666148188982052,0.21138165318627766,0.43361424479092414
新疆,2015,0.3161644919188784,0.492849443,0.3857,0.4878,0.0056,0.1314,0.281911806,0.33276536421072117,-0.01660087229184276,-0.35358453698728526,0.28642815473391625,0.37910257368752565,0.22074898163966247,0.4447817467817794
江苏,2015,0.7061670924362443,1.458556478,0.457,0.6749,0.0257,0.4846,0.363231202,0.8150419247175685,-0.10887483228132422,-2.3189418293806514,0.7734458294930313,0.8566380199421051,0.7049021584197537,0.9251816910153827
江西,2015,0.4685780093095151,0.361258693,0.503,0.523,0.0104,0.1579,0.519209489,0.41137972841801945,0.057198280891495645,1.2182749984424601,0.3689355711751617,0.45382388566087767,0.30091688640196024,0.5218425704340791
河北,2015,0.2641842442103717,0.71947317,0.4827,0.5167,0.0118,0.1076,0.637128794,0.28714929935616174,-0.02296505514579006,-0.4891362482561628,0.24444694618076565,0.32985165253155785,0.17658699136232184,0.39771160735000166
河南,2015,0.2954986309911539,0.728799133,0.4842,0.4702,0.0118,0.1242,0.444740528,0.3534497117892046,-0.05795108079805067,-1.2343089996517884,0.3104395339287833,0.39645988964962586,0.24276814881779762,0.46413127476061156
浙江,2015,0.4941113204184356,1.180630426,0.4596,0.6632,0.0236,0.5036,0.215705747,0.5319156934658567,-0.03780437304742107,-0.8052011668468299,0.48892654802926455,0.5749048389024488,0.42124230186888373,0.6425890850628296
海南,2015,1.047732338208394,1.116504611,0.2365,0.5491,0.0046,0.2349,0.083669164,0.923199818455845,0.12453251975254909,2.6524373275374016,0.8797415391747331,0.9666580977369564,0.8123433571182955,1.034056279793394
湖北,2015,0.3655467657324379,0.519183754,0.457,0.5718,0.019,0.096,0.47187068,0.3838451551630073,-0.01829838943056944,-0.38974021609696585,0.34351404033293587,0.4241762699930788,0.27417687439940247,0.4935134359266122
湖南,2015,0.3775203252910065,0.377829651,0.4432,0.5079,0.0143,0.0631,0.505183358,0.4232651623036563,-0.04574483701264981,-0.9743263323954635,0.37861959217735663,0.46791073242995573,0.31193789738570904,0.5345924272216034
甘肃,2015,0.3991622478547839,0.355442476,0.3674,0.4424,0.0122,0.0729,0.411761663,0.43808543333015915,-0.038923185475375266,-0.8290309251486385,0.395422800769424,0.4807480658908945,0.3275384605121722,0.5486324061481462
福建,2015,0.4060544219234719,1.157684171,0.5029,0.6322,0.0151,0.4048,0.319726821,0.4162495931641036,-0.010195171240631684,-0.21714852323731024,0.37433544121471707,0.45816374511349034,0.3059893142063361,0.5265098721218713
贵州,2015,0.3665513711238582,0.429477212,0.3949,0.4296,0.0059,0.0725,0.612603845,0.38670072114323484,-0.02014935001937662,-0.42916411089415024,0.338667951738422,0.4347334905480479,0.2739723754669837,0.4994290668194862
辽宁,2015,0.3353140418269424,0.710515129,0.4549,0.6805,0.0127,0.2084,0.401743008,0.2639192096493782,0.0713948321775642,1.5206495318437772,0.21327487672123613,0.31456354257752017,0.15005358077066452,0.37778483852809175
重庆,2015,0.4473665557648749,0.430616038,0.4498,0.6147,0.0157,0.2951,0.402290941,0.4456088901878652,0.0017576655770096816,0.037436789964997746,0.4018663892876608,0.48935139108806963,0.3346406993978337,0.5565770809778967
陕西,2015,0.3601693210621884,0.545665072,0.504,0.5474,0.0218,0.1054,0.476405922,0.35465566031050627,0.005513660751682137,0.11743630995501748,0.3126118281833071,0.39669949243770564,0.24434601974292694,0.46496530087808585
青海,2015,1.098537876422243,0.245365364,0.4995,0.5167,0.0048,0.0498,0.323608988,1.0317035000662098,0.06683437635603329,1.4235156805762552,0.9885265314033599,1.0748804687290598,0.9209570165774724,1.142449983554947
黑龙江,2015,0.3353601214442256,0.28203587,0.3181,0.6047,0.0105,0.0868,0.413168103,0.3197404462844963,0.015619675159729285,0.3326858680768538,0.27591372381482066,0.36356716875417255,0.20873902924560267,0.43074186332339054
上海,2016,0.5226131465532506,2.750706116,0.2983,0.89,0.0382,1.0172,0.147596607,0.5060442858813681,0.016568860671882568,0.35290271656105504,0.45977821295585847,0.5523103588068776,0.3940573112541507,0.6180312605085855
云南,2016,0.3091562842494926,0.221046923,0.3848,0.4464,0.0089,0.0891,0.528513767,0.2778834560782214,0.031272828171271194,0.6660847860780965,0.23751795676863957,0.31824895538780335,0.16820252557195564,0.3875643865844873
内蒙古,2016,0.3352473473187768,0.341399542,0.4718,0.634,0.0079,0.0424,0.525149093,0.32702070937239974,0.008226637946377069,0.17522042926991832,0.28578335587902864,0.3682580628657713,0.21701592627027427,0.43702549247452566
北京,2016,0.6893496188825686,1.687652627,0.1926,0.8676,0.0596,0.7265,0.072752726,0.8389731796814217,-0.14962356079885308,-3.1868552770836875,0.791493606214198,0.8864527531486448,0.7264794337270888,0.951466925635754
吉林,2016,0.3582240018648497,0.349187677,0.4741,0.5875,0.0094,0.0824,0.460291495,0.3410884395856724,0.017135562279177285,0.364972981418385,0.2964741001953511,0.38570277897599387,0.22977369545245696,0.452403183718888
四川,2016,0.3484257509732445,0.498504931,0.4084,0.5,0.0172,0.099,0.301721479,0.4323130793937994,-0.08388732842055491,-1.7867291343032052,0.39009293139780443,0.4745332273897942,0.3219361167656668,0.5426900420219318
天津,2016,0.5506215845362348,1.840185483,0.4233,0.8327,0.03,0.3789,0.263520384,0.6174286918016693,-0.06680710726543448,-1.4229348720136714,0.5711928181489364,0.6636645654544026,0.5054541902638643,0.7294031933394747
宁夏,2016,0.5685127500147715,0.635882737,0.4697,0.5874,0.0095,0.0679,0.514195705,0.5239760885242728,0.04453666149049873,0.9485932157803172,0.47642205025033335,0.5715301267982122,0.41145089339728025,0.6365012836512653
安徽,2016,0.3643548774218254,0.840527124,0.4843,0.5262,0.0197,0.1203,0.478037717,0.3352279207672594,0.029126956654565994,0.6203795379845224,0.2944772285400023,0.3759786129945167,0.22540464500474597,0.445051196529773
山东,2016,0.4834934291071595,0.868744765,0.4608,0.5913,0.0234,0.2275,0.363065762,0.49190168320811006,-0.008408254100950585,-0.17908869973157496,0.44710115533884925,0.5367022110773708,0.3805121851413136,0.6032911812749066
山西,2016,0.2850031353311299,0.551634543,0.3854,0.5727,0.0103,0.0843,0.601326813,0.2807554791287377,0.004247656202392203,0.09047148397991271,0.23504424235444626,0.32646671590302895,0.16899658619558539,0.3925143720618898
广东,2016,1.077161563013688,1.520167995,0.4342,0.7015,0.0256,0.7804,0.323120696,0.938445000599659,0.13871656241402897,2.954545437816139,0.8865219055160769,0.990368095683241,0.8240048818245234,1.0528851193747946
广西,2016,0.3208513371341329,0.344899988,0.4517,0.4924,0.0065,0.1721,0.446588925,0.3009808645808525,0.019870472553280394,0.42322425677128855,0.25789207331934955,0.3440696558423553,0.19026872922710802,0.41169299993459685
新疆,2016,0.3060568273263035,0.47262775,0.3779,0.5042,0.0059,0.1209,0.303429136,0.3105479226294237,-0.004491095303120196,-0.09565653089806689,0.2674891179551613,0.3536067273036858,0.19984745450853109,0.421248390750316
江苏,2016,0.695209746472347,1.478472986,0.4473,0.6893,0.0266,0.4344,0.34879057,0.7944376902786026,-0.09922794380625555,-2.113471265252451,0.7535460132892883,0.8353293672679168,0.6845620231397548,0.9043133574174503
江西,2016,0.4240433307726532,0.3519577,0.4773,0.5399,0.0113,0.1426,0.498235561,0.3962724068014985,0.027770923971154715,0.591497188908251,0.35462567452853566,0.43791913907446156,0.2861135066108,0.5064313069921973
河北,2016,0.2636046900809376,0.717858373,0.4757,0.5387,0.012,0.096,0.61918797,0.2617224516297011,0.0018822384512365287,0.04009008680870148,0.21963100937967375,0.3038138938797279,0.1513946559801193,0.3720502472792823
河南,2016,0.3132705829954298,0.736608703,0.4763,0.4878,0.0123,0.1165,0.401763133,0.34526977271404125,-0.03199918971861143,-0.6815556726005985,0.3034171542253996,0.38712239120268244,0.23503287028765651,0.45550667514042553
浙江,2016,0.5261764261021944,1.203758524,0.4486,0.6772,0.0243,0.47,0.185389336,0.5209170291877439,0.005259396914450543,0.11202070530607863,0.4791609391507793,0.5626731192247093,0.4107167386373851,0.6311173197381035
海南,2016,1.023567756208685,1.111663466,0.2235,0.567,0.0054,0.1849,0.095146763,0.887140437951108,0.13642731825757692,2.9057864737761783,0.8454833200125655,0.9287975558896502,0.776977610930583,0.9973032649716327
湖北,2016,0.3636995958971085,0.497452662,0.4486,0.5857,0.0186,0.0796,0.47272682,0.36172414698339017,0.001975448913718314,0.04207539081198493,0.32088085754677936,0.402567436420001,0.2518664787293661,0.47158181523741427
湖南,2016,0.3746363398444296,0.374257543,0.4228,0.527,0.015,0.0552,0.512916806,0.40339038993441234,-0.02875405008998272,-0.6124369436039545,0.36056819573340104,0.4462125841354241,0.2927817406415223,0.5139990392273028
甘肃,2016,0.3937476182042842,0.322591625,0.3494,0.4607,0.0122,0.0625,0.397060474,0.41227031831202754,-0.018522700107743317,-0.3945178437743261,0.37046502804934117,0.4540756085747136,0.30205137585586017,0.5224892607681946
福建,2016,0.407064553024796,1.137346801,0.4892,0.6439,0.0159,0.3591,0.312261576,0.39398594767033385,0.013078605354462147,0.2785632307387397,0.35223005266200264,0.43574184267866506,0.28378573101829985,0.5041861643223678
贵州,2016,0.3542248362213313,0.472858462,0.3965,0.4556,0.0063,0.0319,0.58697613,0.35130678014488337,0.0029180560764479058,0.06215212601814712,0.3064419071452438,0.39617165314452285,0.23989138708143704,0.4627221732083296
辽宁,2016,0.3319782109337806,0.686396728,0.3869,0.6887,0.0169,0.2567,0.37054886,0.31143958738898486,0.020538623544795742,0.4374553076955605,0.2691467625815904,0.3537324121963793,0.2010348048277325,0.4218443699502372
重庆,2016,0.447845187902343,0.494959838,0.4452,0.6333,0.0172,0.2333,0.349493658,0.429017316031759,0.01882787187058399,0.40101774417526187,0.387946080178106,0.47008855188541204,0.3190746973765949,0.5389599346869232
陕西,2016,0.3619143908629094,0.532504399,0.4892,0.5639,0.0219,0.1019,0.447293981,0.3417493597048025,0.02016503115810686,0.42949810588428755,0.30049967187569304,0.3829990475339121,0.23173995225158775,0.45175876715801744
青海,2016,0.9165687949740784,0.205234075,0.4859,0.5355,0.0054,0.0392,0.310754568,1.007639440478789,-0.09107064550471056,-1.9397277117624199,0.9648680992222843,1.0504107817352935,0.8970504689893641,1.1182284119682138
黑龙江,2016,0.3351631835018215,0.283754382,0.286,0.6109,0.0099,0.0711,0.433005381,0.31091702128160614,0.02424616222021536,0.5164227452412886,0.26867629646781754,0.35315774609539463,0.20053218620448754,0.42130185635872464
上海,2017,0.526742504128084,2.839895937,0.3046,0.891,0.0393,1.0526,0.123679962,0.5428804433407027,-0.016137939212618746,-0.3437244539991189,0.498520386224492,0.5872405004569132,0.43166737014531825,0.6540935165360869
云南,2017,0.304365535922594,0.382145727,0.3789,0.4629,0.0096,0.0966,0.508493565,0.2804322965359241,0.023933239386669913,0.5097577535910436,0.23950687400032006,0.32135771907152816,0.17054406608367695,0.39032052698817127
内蒙古,2017,0.341799003990847,0.470454956,0.3976,0.646,0.0082,0.0585,0.484921791,0.33111537270898506,0.01068363128186195,0.2275523089227214,0.2880985396658885,0.37413220575208117,0.2204312234044612,0.44179952201350847
北京,2017,0.7471259167146342,1.734540572,0.1901,0.8693,0.0564,0.7833,0.044144942,0.8484291061738113,-0.10130318945917705,-2.1576722421904933,0.8007714214849869,0.8960867908626359,0.7358600700577113,0.9609981422899115
吉林,2017,0.3684952616031422,0.513926013,0.4683,0.5971,0.0086,0.084,0.391752022,0.35175667826401125,0.016738583339130975,0.35651766580349714,0.3088984618005118,0.3946148947275107,0.24113407794815975,0.4623792785798627
四川,2017,0.3857795013915419,0.579964612,0.3875,0.5178,0.0172,0.1245,0.282747027,0.4207559202342703,-0.034976418842728396,-0.7449681344790764,0.3795663666561469,0.4619454738123941,0.3107690468985239,0.5307427935700171
天津,2017,0.5881206342708691,1.921635006,0.4094,0.8357,0.0247,0.4122,0.235691868,0.6048271321191552,-0.01670649784828604,-0.3558342719899076,0.5555104499639171,0.6541438142743933,0.49154576506786457,0.7181084991704458
宁夏,2017,0.527162304551793,0.770166358,0.4358,0.6095,0.0113,0.0992,0.558523946,0.517865743276583,0.009296561275210058,0.1980088911161792,0.476256618095967,0.559474868457199,0.40772105534064745,0.6280104312125185
安徽,2017,0.3662934737708983,0.98420296,0.4752,0.5429,0.0209,0.1354,0.43847254,0.34356028792934573,0.022733185841552594,0.4841976282162608,0.302966873508077,0.3841537023506146,0.23379527402880768,0.4533253018298839
山东,2017,0.5244775436128531,1.009192493,0.4535,0.6079,0.0241,0.2468,0.343575857,0.49584067405080395,0.028636869562049194,0.6099410974830467,0.4502145083992217,0.5414668397023858,0.3841165496448633,0.6075647984567443
山西,2017,0.2953476054892521,0.698488415,0.4365,0.5859,0.0095,0.0749,0.570845106,0.27586184479096154,0.019485760698290555,0.4150302196912646,0.23542670140323768,0.3162969881786856,0.16615526430011665,0.3855684252818067
广东,2017,0.868013691760749,1.613305775,0.4237,0.7074,0.0261,0.7599,0.189688731,0.9510790139083073,-0.08306532214755824,-1.769221096030964,0.906513174822218,0.995644852994397,0.8397836995610464,1.0623743282555687
广西,2017,0.3265951527334279,0.470180113,0.4022,0.5059,0.0077,0.2112,0.42386227,0.31747938112851587,0.009115771604912004,0.1941582240704582,0.2758598848671805,0.35909887738985147,0.2073307749128413,0.42762798734419066
新疆,2017,0.2949627465391562,0.575053302,0.398,0.519,0.0052,0.1279,0.315357467,0.2945301259171562,0.00043262062200000173,0.009214453290878936,0.25322648236668516,0.3358337694676273,0.1845004755825631,0.4045597762517493
江苏,2017,0.7419867127755329,1.607411526,0.4502,0.7018,0.0263,0.4658,0.331560618,0.8037120110728022,-0.06172529829726936,-1.3146966397402127,0.7631741294638911,0.8442498926817136,0.6939675222474104,0.9134564998981942
江西,2017,0.4229314244793223,0.515992826,0.4812,0.557,0.0128,0.1505,0.482443162,0.4038479743787652,0.01908345010055712,0.40646134427773867,0.3632228551666353,0.4444730935908953,0.2940712314264977,0.5136247173310329
河北,2017,0.2732888330447559,0.847509626,0.4658,0.5574,0.0133,0.0993,0.588564846,0.25779702568397567,0.015491807360780208,0.3299623921237734,0.2169729235543111,0.29862112781364,0.14794648951367856,0.36764756185427255
河南,2017,0.3375563304801622,0.879819394,0.4737,0.5056,0.0131,0.1175,0.36931778,0.34194239536188253,-0.004386064881720331,-0.09341947176843916,0.30099485506643575,0.3828899356573291,0.2320459257258851,0.45183886499787973
浙江,2017,0.5653407000920019,1.352066967,0.4295,0.6891,0.0245,0.4946,0.148109777,0.5358662150454198,0.029474485046582122,0.6277815987570361,0.4946079678439214,0.5771244622469185,0.425853597840172,0.6458788322506679
海南,2017,0.9421796080508884,1.212201955,0.2233,0.5804,0.0052,0.1575,0.099196021,0.8606497121838371,0.08152989586705128,1.7365178150872325,0.8190791854489655,0.9022202389187087,0.750519599702177,0.9707798246654973
湖北,2017,0.3778233514035932,0.651975419,0.4352,0.5988,0.0197,0.0884,0.460921051,0.3711582376952698,0.0066651137083234,0.1419612839069404,0.3300409965276922,0.4122754788628478,0.2611984245659217,0.48111805082461834
湖南,2017,0.3858036344401472,0.524222134,0.4175,0.5462,0.0168,0.0718,0.546988503,0.4027234504443918,-0.01691981600424458,-0.3603777682640548,0.3575808410899426,0.4478660597988412,0.29119592845301584,0.5142509724357679
甘肃,2017,0.3938647688121444,0.445784714,0.3434,0.4812,0.0119,0.0437,0.364730401,0.38378718362547104,0.010077585186673343,0.21464403975511195,0.3431409140698484,0.4244334531810939,0.2740026117995684,0.4935717554513739
福建,2017,0.405297620980829,1.322871989,0.4771,0.6578,0.0169,0.3601,0.288372825,0.4048226217152821,0.00047499926554689376,0.01011708254994745,0.36422533491027226,0.4454199085202923,0.2950561756666983,0.5145890677638663
贵州,2017,0.3471599129012762,0.561774114,0.4009,0.4776,0.0071,0.0407,0.558226877,0.3341083847314632,0.013051528169812976,0.27798650961054927,0.2907671152656857,0.37744965419724047,0.22329774164555016,0.444919027817376
辽宁,2017,0.3407071041763855,0.809513352,0.393,0.6949,0.0184,0.2883,0.356825877,0.34358729004451155,-0.0028801858681260506,-0.06134552261564439,0.30261384784068307,0.3845607322483399,0.233681166701729,0.453493413387294
重庆,2017,0.4498974587388517,0.627281839,0.4419,0.65,0.0188,0.2321,0.346142945,0.4261174934275615,0.023779965311290174,0.5064931454413905,0.3853720434692369,0.4668629433858861,0.31629616273759587,0.5359388241175271
陕西,2017,0.3668164483642979,0.667160257,0.497,0.5807,0.021,0.1242,0.426510518,0.3365491605930039,0.030267287771294005,0.6446676261543587,0.2961302394190995,0.3769680817669087,0.22684855817409866,0.44624976301190955
青海,2017,0.9398801871172894,0.360255076,0.4429,0.5545,0.0068,0.017,0.242700133,0.999088892882084,-0.059208705764794645,-1.2610953476070292,0.9563829418371532,1.0417948439270153,0.888525195237421,1.1096525905267474
黑龙江,2017,0.3388991608377488,0.414024517,0.2553,0.619,0.0092,0.0806,0.423307433,0.31254206391080835,0.026357096926940438,0.5613838688356516,0.2689867098266634,0.3560974179949533,0.20164751106169998,0.42343661675991673
上海,2018,0.5393823316256199,2.846855368,0.2978,0.8913,0.0416,1.0408,0.133086962,0.5846707445157266,-0.045288412890106766,-0.9646048846786162,0.5416192958838805,0.6277221931475728,0.47397313744353675,0.6953683515879165
云南,2018,0.2996437682230934,0.394387997,0.3891,0.4744,0.0105,0.1102,0.496666828,0.30814674350625326,-0.008502975283159853,-0.18110618078712223,0.2663851789707035,0.3499083080418028,0.19794437849231467,0.41834910852019164
内蒙古,2018,0.3483358892775954,0.455073816,0.3937,0.6551,0.0075,0.0598,0.492439433,0.3387413899473384,0.009594499330257023,0.20435471966016708,0.29678917458197,0.38069360531270763,0.2284666360085032,0.44901614388617445
北京,2018,0.8854990485752747,1.714485944,0.1863,0.8709,0.0617,0.8966,0.016323334,0.9647832319756406,-0.07928418340036592,-1.688686039215448,0.9174731817567509,1.0120932821945299,0.8523609306563634,1.0772055332949173
吉林,2018,0.3928027980757418,0.491865136,0.4253,0.6085,0.0076,0.0904,0.337867831,0.35939700232434935,0.033405795751392464,0.7115151912379902,0.31581464326687214,0.40297936138182655,0.24849184012157666,0.47030216452712204
四川,2018,0.4304708743279495,0.636037194,0.3767,0.535,0.0181,0.1462,0.294511973,0.44368950615474406,-0.013218631826794558,-0.2815456761497515,0.40294716008412,0.4844318522253679,0.33386932701836236,0.5535096852911255
天津,2018,0.6720824742167901,1.964186177,0.4046,0.8395,0.0262,0.4296,0.22606132,0.6567422784588156,0.015340195757974517,0.3267331932336469,0.6103344090654259,0.7031501478522051,0.5446966479155303,0.7687879090021007
宁夏,2018,0.5198050398940012,0.76293772,0.4454,0.6215,0.0123,0.0672,0.553266134,0.52034077409234,-0.0005357341983388553,-0.011410685242182687,0.4795803563029764,0.5611011918817037,0.4105138892208664,0.6301676589638137
安徽,2018,0.3697627857412565,1.00809717,0.4613,0.5565,0.0216,0.138,0.400115201,0.3646254319333908,0.005137353807865674,0.10942129037319559,0.3240835146161247,0.40516734925065667,0.254879452316967,0.4743714115498144
山东,2018,0.5357235211650353,1.063354876,0.4399,0.6146,0.0215,0.2524,0.302448546,0.5154570632138805,0.02026645795115478,0.43165841077836087,0.4741932763607343,0.5567208500670272,0.4054423683423757,0.6254717580853858
山西,2018,0.3074492353099122,0.710881286,0.4215,0.5985,0.0105,0.0814,0.547796458,0.29839771302008067,0.009051522289831526,0.19278976800832442,0.25751922996173415,0.3392761960784273,0.18852695549397652,0.4082684705461849
广东,2018,0.9388331995578508,1.704219573,0.4183,0.7181,0.0278,0.7361,0.171627155,0.9818406310200694,-0.043007431462218526,-0.9160219097675468,0.9407616419239085,1.0229196201162307,0.8718951157528656,1.0917861462872736
广西,2018,0.3399273133914116,0.501536567,0.3967,0.5182,0.0071,0.2017,0.40317647,0.3265498015736722,0.013377511817739385,0.28492968555884707,0.28598407232167317,0.3671155308256712,0.21679502321776212,0.43630457992958227
新疆,2018,0.2964020163580027,0.592943512,0.4036,0.5401,0.0053,0.1087,0.278665532,0.28767256685621845,0.008729449501784226,0.1859298900672197,0.24672208579307636,0.32862304791936053,0.17777500145319775,0.39757013225923915
江苏,2018,0.8012942222315311,1.647892731,0.4455,0.7119,0.027,0.473,0.301319363,0.8361045732738098,-0.0348103510422787,-0.7414310308077617,0.7956819581896837,0.876527188357936,0.7264026097888845,0.9458065367587352
江西,2018,0.4273526847946677,0.540922483,0.4662,0.5734,0.0141,0.1438,0.437386791,0.4202781630086522,0.007074521786015531,0.15068132963976363,0.3800105298332223,0.46054579618408215,0.3106332120817653,0.5299231139355391
河北,2018,0.2819449766076745,0.854078073,0.4454,0.5733,0.0139,0.0987,0.573307962,0.26559151973665274,0.016353456871021743,0.3483147978147551,0.22507875272535832,0.3061042867479474,0.15585630536533135,0.37532673410797435
河南,2018,0.3710701562547597,0.914965962,0.4585,0.5224,0.014,0.1147,0.337963641,0.3565751157668904,0.014495040487869315,0.3087321009049413,0.3162000256608303,0.39695020587294993,0.24689065522994394,0.4662595763038363
浙江,2018,0.6079819602556331,1.403207585,0.4183,0.7002,0.0257,0.5073,0.127407298,0.5720885255814442,0.03589343467418893,0.7644997959771488,0.5314892181165183,0.6126878330463703,0.4623213321726664,0.6818557189902221
海南,2018,0.9064950043571234,1.24570646,0.2268,0.5913,0.0056,0.1755,0.101810757,0.8893265074185233,0.01716849693860012,0.36567446180436325,0.8479594663951442,0.9306935484419023,0.7792730428422621,0.9993799719947845
湖北,2018,0.4130352712187702,0.688812931,0.4341,0.61,0.0209,0.0885,0.392890652,0.4064225897183993,0.0066126815003709205,0.1408445222304345,0.3659454626915481,0.44689971674525036,0.29670052815119985,0.5161446512855986
湖南,2018,0.4281556794939887,0.541396487,0.3968,0.5609,0.0181,0.0844,0.472482466,0.43343010237273155,-0.005274422878742857,-0.11234074563490387,0.39242187706606135,0.47443832767940153,0.3235110070115929,0.54334919773387
甘肃,2018,0.4001322464087809,0.461733585,0.3389,0.4969,0.0118,0.048,0.319567599,0.3966523545810515,0.0034798918277293978,0.07411875225846733,0.35600471042458803,0.437299998737515,0.28686727382014426,0.5064374353419588
福建,2018,0.4109125185685708,1.368982464,0.4813,0.6698,0.018,0.3448,0.285752506,0.4238936192070509,-0.01298110063848007,-0.276486462768447,0.383118754000745,0.46466848441335673,0.31406137159825037,0.5337258668158513
贵州,2018,0.3454913899152027,0.550188723,0.3887,0.4954,0.0082,0.0338,0.475500718,0.3455866431906037,-9.525327540105266e-05,-0.002028814190429253,0.30507682348310156,0.38609646289810556,0.23585251689006398,0.45532076949114314
辽宁,2018,0.3535199805461939,0.830655994,0.396,0.7026,0.0182,0.2985,0.349039977,0.37022417120116735,-0.016704190654973472,-0.3557851307240257,0.3296023087849231,0.4108460336174114,0.2604486334508436,0.47999970895149086
重庆,2018,0.4638285330337155,0.641754576,0.409,0.6661,0.0201,0.2564,0.306731459,0.4530713924935375,0.010757140540178012,0.22911799394270288,0.4124392830364495,0.4937035019506255,0.34329206246670035,0.5628507225203747
陕西,2018,0.3699216684108768,0.703685032,0.4975,0.5965,0.0218,0.1438,0.397156775,0.363839505034675,0.006082163376201821,0.12954493495574246,0.3232396088200093,0.4044394012493406,0.25407209386519314,0.47360691620415674
青海,2018,0.9846025326725416,0.358926407,0.4352,0.5727,0.006,0.0168,0.236363451,0.9918586400747792,-0.007256107402237588,-0.15454894966036686,0.9511913660947158,1.0325259140548422,0.8820662899078481,1.10165099024171
黑龙江,2018,0.3595193760240896,0.403762803,0.2464,0.6346,0.0083,0.1069,0.378213378,0.325380195281176,0.03413918074291361,0.7271356711803514,0.28204352131668026,0.368716869245672,0.21457134954892665,0.4361890410134256
上海,2019,0.5436378558908417,2.854096617,0.2699,0.8922,0.04,0.8925,0.133647517,0.5397484838334143,0.0038893720574273427,0.08284033476798035,0.4954084585245606,0.5840885091422685,0.42854339929768726,0.6509535683691419
云南,2019,0.2973776032362906,0.379165677,0.3428,0.4867,0.0095,0.1001,0.482101378,0.30436873664124636,-0.006991133404955774,-0.1489052276621802,0.2639998853928882,0.34473758788960407,0.1946865724880872,0.4140509007944051
内蒙古,2019,0.3589967499378854,0.486750099,0.3962,0.6646,0.0086,0.0638,0.497306803,0.3700117268908804,-0.011014976952995026,-0.23460969142953586,0.3287842501166845,0.4112392036650772,0.2600106458808501,0.4800128079009116
北京,2019,1.003875560815787,1.859683542,0.4036,0.8735,0.0631,0.8111,0.012138103,1.009509127042075,-0.005633566226288078,-0.11999019513499064,0.9408450807837803,1.078173173300369,0.886564894844018,1.1324533592401311
吉林,2019,0.3998092638600845,0.548710165,0.3526,0.6163,0.0127,0.1111,0.352469158,0.4246094761751954,-0.024800212315110925,-0.528223543586545,0.38254953471806113,0.4666694176323301,0.3142936946315469,0.5349252577188444
四川,2019,0.4718986635871463,0.68763976,0.3725,0.5536,0.0187,0.1457,0.278343432,0.45788052806019425,0.01401813552695208,0.2985744286556512,0.41686453611929036,0.4988965200010986,0.34795853491457884,0.5678025212058101
天津,2019,0.7436572293617392,2.014417112,0.3523,0.8431,0.0328,0.5208,0.222030143,0.7749413270119936,-0.03128409765025442,-0.6663248164474831,0.7317630791097697,0.8181195749142175,0.664194344777197,0.8856883092467902
宁夏,2019,0.5164764874846156,0.757993559,0.4228,0.6363,0.0145,0.0642,0.539957083,0.539596265357819,-0.023119777873203406,-0.49243171146870374,0.49777071972811393,0.5814218109875241,0.4293696385862853,0.6498228921293527
安徽,2019,0.3712309785956912,1.029415308,0.4133,0.5702,0.0203,0.1276,0.38755022,0.3619200927244094,0.009310885871281815,0.19831399289520144,0.32020988096084035,0.4036303044879782,0.2517371777712723,0.47210300767754626
山东,2019,0.5572350089561109,1.121007815,0.3984,0.6186,0.021,0.288,0.2999599,0.562933381748556,-0.005698372792445117,-0.1213705201736714,0.5203928914195273,0.6054738720775847,0.45243348899004404,0.6734332745070679
山西,2019,0.3149347791209197,0.770228169,0.4377,0.6129,0.0112,0.085,0.532069395,0.32616560403230366,-0.011230824911383941,-0.2392070703554672,0.2859868635138533,0.36634434455075426,0.21655326817608078,0.43577793988852676
广东,2019,1.008269939701071,1.742510484,0.4044,0.7265,0.0288,0.6639,0.175507318,0.9800435162170251,0.028226423484045915,0.6011989432216499,0.9381201052287362,1.0219669272053142,0.8697797172116334,1.090307315222417
广西,2019,0.3436406449307456,0.499172611,0.3333,0.5298,0.0079,0.2211,0.387088101,0.35032927839048716,-0.0066886334597415775,-0.14246223471657468,0.3087284723247658,0.3919300844562085,0.2401877328796028,0.4604708239013715
新疆,2019,0.2978991031948449,0.631062331,0.3527,0.5551,0.0047,0.1207,0.283628755,0.29742628294275625,0.0004728202520886682,0.010070671406534561,0.2562705223687111,0.3385820435168015,0.18745206046022822,0.4074005054252844
江苏,2019,0.8610769025311493,1.680880814,0.4443,0.7247,0.0279,0.4354,0.317285609,0.839267547089687,0.02180935544146234,0.4645208221708821,0.7988672134979964,0.8796678806813778,0.7295737918593717,0.9489613023200025
江西,2019,0.4302025914977265,0.568545003,0.4419,0.5907,0.0155,0.1418,0.42084364,0.4358188585952378,-0.005616267097511285,-0.11962173832553542,0.39518091452000637,0.4764568026704694,0.3260373688946964,0.5456003482957794
河北,2019,0.3031985730688279,0.922996462,0.3873,0.5877,0.0161,0.114,0.569807935,0.3023306574419802,0.0008679156268477373,0.01848586867412925,0.26124590725177355,0.34341540763218725,0.19238298952492017,0.41227832535904063
河南,2019,0.4077041583057455,0.990614922,0.4351,0.5401,0.0146,0.1053,0.318746078,0.37145776677507336,0.03624639153067216,0.7720174784508244,0.3307550437647971,0.41216048978534986,0.26165228128978574,0.4812632522603612
浙江,2019,0.6592451216775217,1.445630369,0.4261,0.7158,0.0268,0.4946,0.126272216,0.5871703441644344,0.07207477751308733,1.535131792318472,0.5467232432346969,0.6276174450941716,0.47745935585501825,0.6968813324738503
海南,2019,0.914694027616302,1.247611723,0.207,0.5937,0.0056,0.1706,0.097539964,0.9173023069890874,-0.0026082793727854048,-0.055554144273067804,0.875991725892354,0.9586128880858211,0.8072700522055094,1.0273345617726657
湖北,2019,0.4411500439428012,0.729901353,0.4167,0.6183,0.0209,0.0861,0.365798707,0.4342720184333758,0.006878025509425401,0.14649612516638263,0.39278315537737923,0.4757608814893724,0.32417270535700965,0.5443713315097419
湖南,2019,0.4656511792426026,0.559733908,0.376,0.5745,0.0198,0.1092,0.4520406,0.46942742780735586,-0.0037762485647532817,-0.0804309000662138,0.42875980902126354,0.5100950465934481,0.35963494992321576,0.5792199056914958
甘肃,2019,0.4093129609704698,0.462002393,0.3283,0.507,0.0126,0.0436,0.320141132,0.41508401010433504,-0.005771049133865225,-0.12291846476834105,0.3749368902195524,0.4552311299891177,0.30548326094060185,0.5246847592680682
福建,2019,0.4420877963703216,1.392155418,0.4855,0.6787,0.0178,0.3139,0.277830743,0.43242571283837117,0.009662083531950416,0.20579420598614503,0.39146216183310045,0.4733892638436423,0.32252327659071633,0.5423281490860264
贵州,2019,0.3434189409041392,0.605872927,0.3613,0.5148,0.0086,0.027,0.458284778,0.35299602800882607,-0.009577087104686854,-0.20398385398468147,0.31226166338549854,0.3937303926321539,0.2431788096709232,0.46281324634672927
辽宁,2019,0.3655905333001583,0.858906763,0.3826,0.7121,0.0204,0.2914,0.34406616,0.4031794919099095,-0.0375889586097512,-0.8006130215454951,0.3621669846778413,0.44419199914197777,0.29325879899147445,0.5131001848283446
重庆,2019,0.465779980985918,0.674275148,0.4023,0.6824,0.0199,0.2454,0.28106942,0.4594979662145575,0.006282014771360478,0.13380160061650773,0.41895552824829596,0.5000404041808194,0.34975179426101466,0.5692441381681007
陕西,2019,0.3660688960612864,0.720031321,0.4645,0.6128,0.0227,0.1363,0.383462433,0.3724672252588457,-0.006398329197559283,-0.1362789995031094,0.33205769445124816,0.4128767560664432,0.26277008235029664,0.4821643681673947
青海,2019,1.001004613704661,0.369343457,0.391,0.5878,0.0069,0.0127,0.239388717,1.0000689062294215,0.0009357074752396333,0.019929777699135075,0.9590555698410381,1.041082242617804,0.8901479039418003,1.1099899085170417
黑龙江,2019,0.3587990680883049,0.41452451,0.2656,0.6462,0.0108,0.1371,0.381421588,0.3716751620128661,-0.012876093924561183,-0.27424990858810977,0.3300049830817447,0.41334534094398795,0.26150739542771606,0.4818429285980166
上海,2020,0.5513503794221919,2.863517251,0.2659,0.893,0.0417,0.9011,0.140362444,0.5706425166608267,-0.019292137238634766,-0.41090620378844184,0.5255314845623146,0.6157535487593392,0.4591277723477924,0.6821572609738613
云南,2020,0.2877106104413493,0.428757989,0.338,0.5005,0.01,0.1098,0.465373114,0.31289702816658604,-0.02518641772523672,-0.5364493921275529,0.27216817307642455,0.35362588325674776,0.2030818533537952,0.4227122029793771
内蒙古,2020,0.3588784969018692,0.539418373,0.3956,0.6748,0.0093,0.0607,0.481107018,0.3818187839922582,-0.022940287090389033,-0.4886087096276444,0.3411536922745417,0.4224838757099752,0.2720272421203147,0.49161032586420217
北京,2020,1.013318017353815,1.886219282,0.1583,0.8755,0.0644,0.6457,0.010624403,0.9408900826542219,0.07242793469959308,1.542653741652166,0.8900634651297213,0.9917167001787227,0.8269432615875931,1.054836903720851
吉林,2020,0.4094003991166074,0.599725883,0.3514,0.6264,0.013,0.1042,0.313532218,0.435073608475835,-0.025673209359227567,-0.5468176421500842,0.3931232748527082,0.47702394209896176,0.3247995704011363,0.5453476465505337
四川,2020,0.5013044151386656,0.711758234,0.3616,0.5673,0.0217,0.1664,0.258091057,0.4836344311996446,0.017669983939021028,0.3763557107009106,0.44201873125218527,0.5252501311471043,0.3734872593597585,0.5937816030395311
天津,2020,0.7660634819090113,2.035129919,0.3411,0.847,0.0344,0.5231,0.227009038,0.7979420141143196,-0.03187853220530834,-0.6789857696325313,0.7527646302762772,0.8431193979523626,0.686400412042903,0.9094836161857367
宁夏,2020,0.5063453055739613,0.808717012,0.4104,0.6496,0.0152,0.0315,0.524535009,0.5306223378600687,-0.024277032286107447,-0.5170802515315192,0.48951131851636853,0.5717333572037687,0.4206648511041113,0.6405798246160259
安徽,2020,0.360467642671163,1.066999188,0.4052,0.5833,0.0228,0.1409,0.399026252,0.38034741615581075,-0.019879773484647756,-0.42342235874166967,0.3401436799401234,0.4205511523714983,0.2707259155826613,0.4899689167289604
山东,2020,0.5801414610347297,1.179364949,0.2819,0.6305,0.023,0.3026,0.302354313,0.5768287854978398,0.003312675536889964,0.07055718671336973,0.5284992754487307,0.6251582955469493,0.463973681387324,0.689683889608356
山西,2020,0.3189726431151333,0.818521391,0.4348,0.6253,0.012,0.0852,0.528212005,0.3332243934806466,-0.014251750365513294,-0.3035502271000857,0.2923409722487215,0.37410781471257176,0.22335179856346324,0.44309698839783007
广东,2020,1.013431330409168,1.828313946,0.3923,0.7415,0.0314,0.6399,0.173120933,0.9885105663763466,0.024920764032821396,0.530791193197984,0.9454018435794038,1.0316192891732892,0.8777906722136799,1.099230460539013
广西,2020,0.3361513521119303,0.572866091,0.3208,0.542,0.0078,0.2198,0.427856273,0.3485652544906168,-0.012413902378686503,-0.2644056196330144,0.306830133448571,0.3903003755326633,0.2383729076120671,0.4587576013691672
新疆,2020,0.2949918227551737,0.662339492,0.3439,0.5653,0.0045,0.1075,0.262480438,0.295054724827986,-6.290207281228755e-05,-0.0013397609414652711,0.25299835644859064,0.33711109320738114,0.1847403055371613,0.4053691441188105
江苏,2020,0.9111516786039356,1.734346402,0.4306,0.7344,0.0293,0.4333,0.298029367,0.8565785258698974,0.05457315273403829,1.1623619893084194,0.8162250280713064,0.8969320236684877,0.7469020116711438,0.9662550400686503
江西,2020,0.4266429592331111,0.623416793,0.4315,0.6044,0.0168,0.1567,0.40694431,0.45221589573751503,-0.025572936504403954,-0.5446819151640618,0.4113724754691551,0.4930593160058755,0.34235817884231334,0.5620736126327173
河北,2020,0.3111355498630635,0.985940229,0.3755,0.6007,0.0175,0.1231,0.572171276,0.3171360690663226,-0.006000519203259058,-0.12780598313560945,0.27577062319911105,0.35850151493353455,0.20708320406953284,0.42718893406311276
河南,2020,0.4004145735663523,1.039442305,0.4159,0.5543,0.0164,0.1214,0.331796639,0.3852191905210707,0.015195383045281619,0.32364880495167986,0.3445437445702511,0.42589463647189024,0.2754238131798251,0.49501456786231623
浙江,2020,0.6638059260190341,1.522627103,0.4088,0.7217,0.0288,0.5239,0.113531227,0.6328152509501439,0.030990675068890194,0.6600751636732585,0.592280887156708,0.6733496147435802,0.5230720615015634,0.7425584403987249
海南,2020,0.9681280337201268,1.25154021,0.1907,0.6027,0.0066,0.1692,0.090213841,0.923230370346333,0.04489766337379375,0.9562822505197223,0.8810360891370219,0.9654246515556439,0.812863299401332,1.0335974412913338
湖北,2020,0.4132496568315555,0.76171679,0.3919,0.6289,0.0231,0.0991,0.368958084,0.45418267998130013,-0.04093302314974462,-0.8718387674727244,0.4131541050104621,0.49521125495213814,0.34425599101840026,0.5641093689441999
湖南,2020,0.4830879453257223,0.567100637,0.3815,0.5876,0.0215,0.1169,0.447367065,0.4782061490803663,0.004881796245356007,0.10397813047020776,0.43650669559551164,0.519905602565221,0.368027306269489,0.5883849918912436
甘肃,2020,0.4074829682568279,0.492763806,0.3163,0.5223,0.0122,0.0424,0.314295913,0.4045089332635075,0.0029740349933203847,0.06334442959445565,0.3634065655364028,0.44561130099061197,0.2945546808901563,0.5144631856368584
福建,2020,0.4587079358149891,1.425260825,0.463,0.6875,0.0192,0.3211,0.258692787,0.45141924214016665,0.007288693674822433,0.15524300970140062,0.41074744230064225,0.4920910419796907,0.34162521550667985,0.5612132687736532
贵州,2020,0.341185399003432,0.582417501,0.3484,0.5315,0.0091,0.0307,0.444596745,0.33952666734439363,0.0016587316590383483,0.03532958120131001,0.2983282265337374,0.38072510815504984,0.22953646547423795,0.4495168692145493
辽宁,2020,0.3649711285483724,0.864012434,0.3743,0.7214,0.0219,0.2616,0.344010249,0.3988419285127942,-0.03387079996442183,-0.7214193876242184,0.3575164630977401,0.4401673939278483,0.2888040846863211,0.5088797723392673
重庆,2020,0.4611495741756552,0.703892989,0.3996,0.6946,0.0211,0.2605,0.295658934,0.47055166383932767,-0.009402089663672453,-0.2002565565230028,0.4299502841099371,0.5111530435687179,0.3607837039505758,0.5803196237280792
陕西,2020,0.3606692059459596,0.740290689,0.434,0.6266,0.0242,0.1443,0.401887188,0.3747526344048162,-0.014083428458856628,-0.2999651128733316,0.3340267812594004,0.4154784875502325,0.26493857293439066,0.4845666958752422
青海,2020,1.068106944398195,0.393029254,0.3804,0.6008,0.0071,0.0077,0.232141539,0.9952542437148887,0.07285270068330629,1.5517008977918458,0.9542447006889996,1.0362637867407778,0.8853346567369497,1.1051738306928276
黑龙江,2020,0.3572519107120143,0.460408338,0.2543,0.6561,0.0126,0.1124,0.324169528,0.38517735924727764,-0.027925448535263353,-0.5947884314100287,0.3439921699129666,0.4263625485815887,0.27519212022534567,0.4951625982692096
上海,2021,0.6366619826711226,2.866260881,0.2649,0.893,0.0421,0.9396,0.129882817,0.6164910803014475,0.020170902369675114,0.42962315772418,0.5709081096708583,0.6620740509320363,0.5047845890231084,0.7281975715797862
云南,2021,0.2938250096288113,0.2841577,0.3532,0.5105,0.0104,0.1159,0.436443066,0.30329835196790467,-0.00947334233909336,-0.20177417823618152,0.2622040813920875,0.3443926225437214,0.19334712616133642,0.41324957777447247
内蒙古,2021,0.3778563397343704,0.343528085,0.457,0.6821,0.0093,0.0603,0.440263551,0.36848586980735526,0.009370469927015124,0.19958308287962584,0.32569208091382745,0.41127965870088307,0.25788821454255195,0.47908352507215857
北京,2021,1.008502412368149,1.893791737,0.1805,0.875,0.0653,0.7558,0.006822178,1.0251957989903797,-0.016693386622230744,-0.3555550139658352,0.979940159628055,1.0704514383527044,0.9136224783608438,1.1367691196199157
吉林,2021,0.4265337117276493,0.427538332,0.3603,0.6336,0.0139,0.1137,0.288922642,0.4298263792722133,-0.0032926675445639764,-0.07013103340176789,0.38652994497301746,0.4731228135714091,0.3190332648416087,0.5406194937028178
四川,2021,0.5630140354272554,0.590758239,0.3696,0.5782,0.0226,0.1768,0.237300561,0.47988399224761713,0.08313004317963824,1.7705995992661592,0.4374412703611444,0.5223267141340896,0.3694217017438396,0.5903462827513944
天津,2021,0.93421928823614,2.082668701,0.373,0.8488,0.0366,0.5459,0.187630349,0.8595396771949027,0.07467961104123733,1.5906125430156774,0.8121038574037034,0.9069754969861017,0.7470643911029278,0.9720149632868773
宁夏,2021,0.5066206083133278,0.690231123,0.447,0.6604,0.0156,0.0473,0.52969012,0.5254182569578064,-0.018797648644478637,-0.4003740150253187,0.4812282191032992,0.5696082948123137,0.4142728907575404,0.6365636231580725
安徽,2021,0.3756355894442298,1.033685486,0.41,0.5939,0.0234,0.1609,0.37446378,0.3949217701625372,-0.0192861807183074,-0.4107793349441437,0.35413036191315345,0.4357131784119211,0.28508337992862887,0.5047601603964457
山东,2021,0.6286059515997537,1.15797482,0.3994,0.6394,0.0234,0.3528,0.273702857,0.6189785907457505,0.009627360854003286,0.20505464231810047,0.5745517399650446,0.6634054415264565,0.5077388583993467,0.7302183230921544
山西,2021,0.3312038947007444,0.731825661,0.4964,0.6342,0.0112,0.0988,0.524693696,0.33154128521212295,-0.0003373905113785436,-0.007186132490658078,0.2868705363307684,0.37621203409347725,0.2202039204695106,0.4428786499547351
广东,2021,1.000776421654061,1.943741021,0.4038,0.7463,0.0322,0.6648,0.134536747,1.0459581560775533,-0.04518173442349216,-0.9623327235800109,0.9975462220269409,1.0943700901281657,0.9330677298194808,1.1588485823356258
广西,2021,0.342010928741094,0.474314164,0.3309,0.5508,0.0081,0.2398,0.417705872,0.35182259667665244,-0.009811667935558432,-0.2089802272481862,0.3085449317156304,0.39510026163767437,0.24103681569963836,0.4626083776536664
新疆,2021,0.2934327386411296,0.438465709,0.3733,0.5726,0.0049,0.0982,0.260371797,0.2674851435964301,0.025947595044699512,0.5526618251452892,0.22324213767727152,0.3117281495155886,0.15631870731743824,0.37865157987542186
江苏,2021,1.004446656023134,1.751566568,0.4449,0.7394,0.0295,0.4478,0.276667885,0.8858904594014515,0.11855619662168249,2.525146700276073,0.8439681854528668,0.9278127333500358,0.7756270927050338,0.9961538260978687
江西,2021,0.4336608942703569,0.5542652,0.4451,0.6146,0.017,0.168,0.376376705,0.456373241783287,-0.022712347512930053,-0.4837537894439313,0.41537957349485394,0.4973669100717201,0.3464595764729602,0.5662869070936138
河北,2021,0.3349568933069858,0.930924525,0.4051,0.6114,0.0185,0.1341,0.50799217,0.33388799587963036,0.001068897427355442,0.022766611012609073,0.292477012956574,0.3752989788026867,0.22381800683237862,0.4439579849268821
河南,2021,0.4262219306422462,1.006082929,0.4132,0.5645,0.0173,0.1393,0.301839563,0.40171060792591806,0.024511322716328166,0.5220704395068143,0.35989128721806674,0.44352992863376894,0.29148634305345633,0.5119348727983793
浙江,2021,0.6892685651206794,1.580349151,0.4242,0.7266,0.0294,0.5634,0.115393079,0.6801151150353046,0.009153450085374715,0.1949607438317444,0.635648372099973,0.7245818579706365,0.5688594445753892,0.7913707854952203
海南,2021,0.7249410156139366,1.380214146,0.1913,0.6097,0.0073,0.2268,0.03046925,0.9948750804841722,-0.2699340648702355,-5.749367242053731,0.9509668677727622,1.038783293195582,0.8838414633868314,1.105908697581513
湖北,2021,0.473383513460423,0.719590632,0.379,0.6409,0.0232,0.1074,0.352478012,0.4533664791272565,0.020017034333166484,0.4263458987049187,0.41257715056676886,0.4941558076877441,0.34352886122417253,0.5632040970303404
湖南,2021,0.5347993409853825,0.446129998,0.3935,0.5971,0.0223,0.1296,0.347814285,0.48879242838768233,0.04600691259770018,0.9799083206649148,0.44370559954798133,0.5338792572273838,0.37728747281606245,0.6002973839593027
甘肃,2021,0.4113616125848464,0.318286927,0.3384,0.5333,0.0126,0.048,0.302220278,0.3858374335885772,0.025524178996269187,0.5436434214852124,0.3434420367549264,0.4282328304222279,0.2753933180599933,0.496281549117161
福建,2021,0.4922631985736569,1.496074243,0.4685,0.697,0.0198,0.3776,0.235925973,0.5023858588552759,-0.010122660281618956,-0.21560410114801934,0.45945196138240885,0.5453197563281431,0.391733915653093,0.613037802057459
贵州,2021,0.3438893679377995,0.46986279,0.3566,0.5433,0.0092,0.0334,0.374725974,0.33356659126418986,0.010322776673609646,0.2198664110171448,0.2885222855228075,0.378610897005572,0.22207882304753032,0.44505435948084915
辽宁,2021,0.3950991322495656,0.749363841,0.3943,0.7281,0.0218,0.28,0.327577125,0.4017052391752223,-0.006606106925656663,-0.1407044893505123,0.3598591221311468,0.4435513562192973,0.2914708049276835,0.5119396734227606
重庆,2021,0.4637356734028739,0.592985578,0.401,0.7032,0.0216,0.2868,0.248748211,0.48060478486220337,-0.016869111459329456,-0.3592978043487987,0.4399578660396498,0.5212517036847574,0.37081997265224564,0.5903895970721615
陕西,2021,0.3605764191237145,0.666067254,0.4632,0.6363,0.0235,0.1595,0.389156042,0.3736528703780033,-0.013076451254288801,-0.27851735022721924,0.3322772874705702,0.4150284532854362,0.26359619478247964,0.4837095459735268
青海,2021,0.9803344956006036,0.208673474,0.3982,0.6102,0.008,0.0095,0.239684751,0.9764643047557438,0.0038701908448598443,0.08243179116585493,0.9324538855393616,1.0204747239721264,0.8653902304548066,1.0875383790566815
黑龙江,2021,0.3612630692426392,0.199237623,0.2672,0.6569,0.0131,0.1339,0.292488381,0.3810252509120876,-0.01976218166944843,-0.42091775254991076,0.33464564152655807,0.42740486029761715,0.26899132235041145,0.49305917947376376
上海,2022,0.6389035056978963,2.878166095,0.2566,0.8933,0.0444,0.9364,0.137292749,0.6446620451970984,-0.00575853949920202,-0.1226520201320286,0.5959965220252592,0.6933275683689375,0.5316626375535303,0.7576614528406664
云南,2022,0.293755254690567,0.274027264,0.3616,0.5172,0.0108,0.112,0.402316736,0.3096342604832714,-0.015879005792704404,-0.33820939118907994,0.26714408974140336,0.35212443122513926,0.19915373010854173,0.42011479085800085
内蒙古,2022,0.3851624568931784,0.366068414,0.4854,0.686,0.009,0.0651,0.440982652,0.3820044953002817,0.0031579615928967186,0.06726191058024696,0.33763206413118724,0.4263769264693766,0.27078648583210047,0.49322250476846335
北京,2022,1.265066650072873,1.929774651,0.1587,0.8757,0.0683,0.8753,0.00563742,1.116904079494035,0.14816257057883786,3.155737421262289,1.066998886402426,1.1668092725856445,1.0033652699189861,1.2304428890690844
吉林,2022,0.4343727199038105,0.398531762,0.3541,0.6372,0.0143,0.1193,0.281200443,0.4383090919640431,-0.003936372060232618,-0.08384139507000146,0.39274145423955487,0.48387672968853135,0.3266088565569561,0.5500093273711302
四川,2022,0.5871767058676729,0.623744516,0.3728,0.5835,0.0214,0.177,0.204858096,0.48700493942026046,0.10017176644741244,2.1335738891209317,0.4459945341781202,0.5280153446624007,0.37708503075793937,0.5969248480825816
天津,2022,1.007444783973375,2.107440778,0.3702,0.8511,0.0349,0.509,0.179341939,0.8471168861890256,0.1603278977843493,3.4148485999786766,0.8026540979858438,0.8915796743922072,0.7358627963001164,0.9583709760779345
宁夏,2022,0.499909878182166,0.731129463,0.4831,0.6634,0.0157,0.0423,0.513603623,0.5450118273711325,-0.04510194918896654,-0.9606333655756711,0.5011756049414713,0.5888480498007937,0.434006659117077,0.6560169956251881
安徽,2022,0.3786534280017262,1.070435696,0.4127,0.6015,0.0256,0.1671,0.347723179,0.42253714959405136,-0.043883721592325176,-0.9346861482770219,0.3807716937525565,0.46430260543554613,0.31233330989753116,0.5327409892905715
山东,2022,0.6526545559417306,1.197341238,0.4005,0.6454,0.0249,0.3683,0.249304028,0.6492661665155671,0.003388389426163485,0.07216982850782767,0.6045447429083426,0.6939875901227914,0.5379084603984542,0.7606238726326798
山西,2022,0.3339871557679442,0.756578197,0.5398,0.6396,0.0107,0.0714,0.458715666,0.3371635897139783,-0.0031764339460341184,-0.06765535607614082,0.2864865384152172,0.3878406410127394,0.2232834048241314,0.4510437746038252
广东,2022,1.016609139072248,1.951320749,0.4093,0.7479,0.0342,0.6428,0.139179266,1.0619274505790688,-0.04531831150682075,-0.965241699923112,1.0112964143052536,1.112558486852884,0.9480677350675287,1.1757871660906087
广西,2022,0.3428163333775334,0.474905392,0.3399,0.5565,0.0083,0.2458,0.413479646,0.36099877868047325,-0.01818244530293983,-0.38727070425664806,0.31645660938757947,0.4055409479733668,0.2497129402843625,0.47228461707658376
新疆,2022,0.2904995245901567,0.500996017,0.4098,0.5789,0.0051,0.1385,0.249264619,0.3049271403429523,-0.014427615752795608,-0.3072960110830673,0.2607928636784917,0.34906141700741283,0.1938039323308381,0.41605034835506643
江苏,2022,1.013758439169936,1.770671132,0.4548,0.7442,0.0312,0.4412,0.273866865,0.904058718539997,0.10969972062993893,2.3365112534255843,0.861881630183966,0.9462358068960273,0.793698219427312,1.0144192176526814
江西,2022,0.4282572931132526,0.578715966,0.4477,0.6207,0.0174,0.2065,0.364149352,0.4854829187476289,-0.057225625634376276,-1.2188574183346494,0.4442061607454876,0.5267596767497703,0.3754633580623772,0.5955024794328807
河北,2022,0.3461327660808853,0.962061646,0.4024,0.6165,0.02,0.1298,0.500861981,0.3528315074690758,-0.006698741388190543,-0.14267752504214898,0.31029749445540467,0.3953655204827473,0.24233410819988227,0.4633289067382697
河南,2022,0.4231551247900952,1.033653278,0.4151,0.5707,0.0186,0.1381,0.288330191,0.4192669271718631,0.0038881976182321143,0.0828153202065908,0.3764162435666871,0.46211761077703883,0.30864724507306407,0.5298866092706619
浙江,2022,0.5808955258420825,1.617957356,0.4273,0.7338,0.0311,0.6026,0.048045253,0.7259373720972371,-0.1450418462551546,-3.089268633016943,0.6790809427946264,0.7727938013998478,0.613705211157518,0.8381695330369562
海南,2022,0.906371301709008,1.364573698,0.1923,0.6149,0.01,0.2941,0.079269524,1.0383848516555567,-0.13201354994654868,-2.811776942398062,0.9922997727081744,1.0844699306029386,0.9264725311372378,1.1502971721738753
湖北,2022,0.4859713409492087,0.7808928,0.3953,0.6467,0.0233,0.114,0.378192112,0.4688882323339084,0.01708310861530027,0.3638557627488363,0.42667207737492857,0.5111043872928878,0.3585127970154958,0.5792636676523205
湖南,2022,0.5651480342707433,0.467838783,0.3941,0.6031,0.0241,0.1445,0.338784226,0.51556736856343,0.04958066570731334,1.0560262388293933,0.46946136137814054,0.5616733757487192,0.4036464282493921,0.6274883088774676
甘肃,2022,0.4125362718351546,0.328631359,0.3522,0.5419,0.0129,0.0507,0.292894503,0.3913750281221634,0.021161243712991218,0.4507165905980571,0.34801323547036284,0.43473682077396375,0.280556356210855,0.5021937000334715
福建,2022,0.5133121595376036,1.484745575,0.4722,0.7011,0.0204,0.3732,0.228586603,0.5105176092036444,0.002794550333959145,0.05952155817776817,0.468593237528528,0.5524419808787608,0.4002534449318296,0.6207817734754593
贵州,2022,0.3434866927962318,0.42375074,0.3527,0.5481,0.0099,0.0362,0.338654643,0.3416160949756748,0.001870597820556985,0.03984215122214264,0.29193724871809784,0.39129494123325187,0.2281765923864426,0.4550555975649071
辽宁,2022,0.4084109900601219,0.717928124,0.4057,0.73,0.0214,0.2727,0.324968647,0.40269420375955545,0.005716786300566434,0.12176271232050248,0.3594658750057279,0.4459225325133821,0.2919276863047871,0.513460721214323
重庆,2022,0.4646372474099707,0.63002542,0.4015,0.7096,0.0236,0.2782,0.240925916,0.4997707043573951,-0.035133456947424424,-0.7483129132691397,0.458532653733847,0.5410087549809433,0.3897656599210659,0.6097757487937243
陕西,2022,0.3546504219339716,0.69767463,0.4862,0.6402,0.0235,0.1451,0.378796713,0.3831203560805485,-0.028469934146576892,-0.6063855143456728,0.3411576250013748,0.42508308715972265,0.27284160118264683,0.49339911097845063
青海,2022,1.001248988942808,0.205893713,0.4392,0.6143,0.008,0.0112,0.23061086,0.9882065056304965,0.013042483312311504,0.2777938617968952,0.9439860982963122,1.032426912964682,0.8770490614038071,1.099363949857187
黑龙江,2022,0.3671306897275555,0.184944749,0.2924,0.6621,0.0137,0.1668,0.272450705,0.40692908064808403,-0.039798390920528504,-0.8476720607861508,0.3573887455274965,0.456469415768672,0.29355016820812213,0.5203079930880463
