year,province,eff,z_score,spatial_lag,local_moran_i,local_p_value,local_z_value,quadrant,cluster,is_significant
2015,上海,0.5810507223454309,0.44484035341845685,-0.2975407572141343,-0.13235813559553078,0.4057,-0.7204674969276512,HL,NS,0
2015,云南,0.3166292696593911,-0.7258448244346486,-0.48907053884283075,0.3549893194025335,0.2687,0.8109461545410512,LL,NS,0
2015,内蒙古,0.3288641213692387,-0.6716769064973854,-0.44721414990770214,0.30038341675186336,0.3092,0.7981477757837935,LL,NS,0
2015,北京,0.9999999999992945,2.2996736305201724,-0.36726172287508685,-0.8445820995952444,0.245,-0.8784044209139309,HL,NS,0
2015,吉林,0.3462864479487486,-0.5945422440743421,-0.4146341816108616,0.24651753680484995,0.0861,1.6309959361971473,LL,LL,1
2015,四川,0.3471621196452197,-0.5906653427665597,-0.3754197860673196,0.22174745661880185,0.142,1.3206921046759237,LL,NS,0
2015,天津,0.5287792456655326,0.2134164566353578,-0.36994860503560917,-0.0789531204238932,0.1015,-1.5984552601744395,HL,NS,0
2015,宁夏,0.5938752681391075,0.5016190509138597,1.322533692281226,0.6634080955237113,0.0149,3.0445717811889663,HH,HH,1
2015,安徽,0.3672507491253231,-0.5017260356988259,0.8297835668903846,-0.41632401950394415,0.1226,-1.9556061309857207,LH,NS,0
2015,山东,0.4544720108972753,-0.11556735865945333,0.28592958342805735,-0.03304412671937839,0.0562,-1.804249509412081,LH,LH,1
2015,山西,0.2879029689192467,-0.8530260880931899,-0.33910597636643597,0.2892662444688826,0.1757,1.3132546168441135,LL,NS,0
2015,广东,0.9999999999999142,2.299673630522916,0.33359514916708505,0.7671599678099041,0.2931,0.8138263103679554,HH,NS,0
2015,广西,0.3272308420895854,-0.678907998470301,-0.43577257250903323,0.2958494849903619,0.3375,0.800871394551524,LL,NS,0
2015,新疆,0.3161644919188784,-0.7279025561590874,-0.12776805627479207,0.09300269475789927,0.4603,0.775876052936359,LL,NS,0
2015,江苏,0.7061670924362443,0.998773774796381,0.8389095501465782,0.8378808581126318,0.0825,2.1101608339380333,HH,HH,1
2015,江西,0.4685780093095151,-0.053115227441355585,-0.3632278559048845,0.01929293017942387,0.1672,1.301780885879193,LL,NS,0
2015,河北,0.2641842442103717,-0.9580370816120384,-0.45612190409512865,0.4369816978586231,0.4837,0.6974451476849415,LL,NS,0
2015,河南,0.2954986309911539,-0.8193974663863088,-0.15738888276204324,0.12896405177259002,0.2037,1.2958835689370705,LL,NS,0
2015,浙江,0.4941113204184356,0.05992956734772994,-0.17509221240773534,-0.01049320053555241,0.1145,-1.5640081478014765,HL,NS,0
2015,海南,0.9999999999999286,2.29967363052298,0.41627705597041603,0.9573013686069043,0.1947,1.1692081767268787,HH,NS,0
2015,湖北,0.3655467657324379,-0.5092701592224459,-0.6917254879714505,0.3522751493974447,0.1999,1.1020380711185926,LL,NS,0
2015,湖南,0.3775203252910065,-0.456259071963951,-0.6019906943260239,0.27466371552412616,0.2491,1.004793526384831,LL,NS,0
2015,甘肃,0.3991622478547839,-0.3604427994630152,0.16099865032896937,-0.058030804234340816,0.3467,-0.9604535262940356,LH,NS,0
2015,福建,0.4060544219234719,-0.3299287623323865,-0.2088270282957338,0.0688980429871617,0.2732,1.1386096089116244,LL,NS,0
2015,贵州,0.3665513711238582,-0.5048224238765414,-0.32649239346651737,0.16482068144702078,0.0936,1.6054800315959128,LL,LL,1
2015,辽宁,0.3353140418269424,-0.6431208789834957,0.13559084931876725,-0.0872013061960043,0.7392,-0.3228821059254516,LH,NS,0
2015,重庆,0.4473665557648749,-0.14702566478742884,-0.3763747825621905,0.055336752615430036,0.2095,1.2039750132394218,LL,NS,0
2015,陕西,0.3601693210621884,-0.5330779656853388,-0.19736249283450602,0.10520959618280573,0.4645,0.7163393662406822,LL,NS,0
2015,青海,0.9999999999990168,2.299673630518943,0.47802454718249343,1.0993004458963385,0.1784,1.1001740753117868,HH,NS,0
2015,黑龙江,0.3353601214442256,-0.6429168685887013,-0.5444935343765289,0.3500640780881524,0.2243,0.904465897793838,LL,NS,0
2018,上海,0.5393823316256199,0.22454532178669706,-0.3439392429155996,-0.07722994797555627,0.3544,-0.8378554156904096,HL,NS,0
2018,云南,0.2996437682230934,-0.9456417577012052,-0.4805741379074738,0.45445097247656485,0.3538,0.7972654448480768,LL,NS,0
2018,内蒙古,0.3483358892775954,-0.7079708126427323,-0.49102179384519895,0.3476290984138777,0.3123,0.8782599599706787,LL,NS,0
2018,北京,0.8854990485752747,1.9139744416618236,-0.42804387461305027,-0.8192650359192766,0.2377,-1.0188637686744633,HL,NS,0
2018,吉林,0.3928027980757418,-0.4909235366356989,-0.46802708845947805,0.22976551350783606,0.0535,1.8214155591956076,LL,LL,1
2018,四川,0.4304708743279495,-0.3070620188477183,-0.3563340030822731,0.10941663837053184,0.1822,1.2604611990665984,LL,NS,0
2018,天津,0.6720824742167901,0.8722675326087598,-0.44257669575579994,-0.3860452823970494,0.0503,-1.9204935929931353,HL,HL,1
2018,宁夏,0.5198050398940012,0.12898667026829005,1.2665295917591284,0.1633654348372667,0.0087,2.9096249420489655,HH,HH,1
2018,安徽,0.3697627857412565,-0.6033840618111513,0.6469045425741901,-0.39033189050249967,0.1451,-1.5396954803169238,LH,NS,0
2018,山东,0.5357235211650353,0.2066863145977596,0.35626775442513503,0.07363566917215082,0.0257,2.2357687116297575,HH,HH,1
2018,山西,0.3074492353099122,-0.9075425190775571,-0.36929909820804996,0.3351546338808038,0.1427,1.427035342476609,LL,NS,0
2018,广东,0.9388331995578508,2.174303583079419,0.5802857202730844,1.261717320799589,0.1562,1.372719403215319,HH,NS,0
2018,广西,0.3399273133914116,-0.7490138835582151,-0.45524148161207045,0.3409821900990527,0.361,0.8364951088437704,LL,NS,0
2018,新疆,0.2964020163580027,-0.9614650616102458,-0.1874013401752485,0.18017984107743795,0.2627,1.1320360141492676,LL,NS,0
2018,江苏,0.8012942222315311,1.5029625526294856,0.827577191347724,1.2438175280059156,0.0607,2.0506634342870083,HH,HH,1
2018,江西,0.4273526847946677,-0.32228220308280214,-0.38089470675902865,0.12275558523687764,0.1595,1.381842614610262,LL,NS,0
2018,河北,0.2819449766076745,-1.0320312687459425,-0.344558712807523,0.3555953655362168,0.6408,0.5149875635745482,LL,NS,0
2018,河南,0.3710701562547597,-0.597002660082151,-0.11680582189294245,0.06973338638316859,0.3464,0.9650989900468504,LL,NS,0
2018,浙江,0.6079819602556331,0.559386733786515,-0.15239853122990069,-0.08524971661855635,0.1689,-1.3715920499549803,HL,NS,0
2018,海南,0.9064950043571234,2.016457729409596,0.29106452203725586,0.5869193052189342,0.4368,0.8141659706170864,HH,NS,0
2018,湖北,0.4130352712187702,-0.39216688137742217,-0.6758934170539138,0.26506301350956274,0.251,1.0919189072648523,LL,NS,0
2018,湖南,0.4281556794939887,-0.31836270841032843,-0.5561783023242769,0.17706643068701525,0.3418,0.9206392689324315,LL,NS,0
2018,甘肃,0.4001322464087809,-0.4551477915183152,0.06769290321706357,-0.03081027540070954,0.6917,-0.4128209690940816,LH,NS,0
2018,福建,0.4109125185685708,-0.40252824205697757,-0.22948820315853471,0.09237548299021951,0.2107,1.2686482471364444,LL,NS,0
2018,贵州,0.3454913899152027,-0.7218550887234844,-0.36646956527612556,0.2645379205568544,0.0634,1.7751294211884816,LL,LL,1
2018,辽宁,0.3535199805461939,-0.6826667625337207,0.018108230723222853,-0.0123618872430362,0.9729,-0.05596458367568978,LH,NS,0
2018,重庆,0.4638285330337155,-0.14424006536035056,-0.3618256999954243,0.052189762616394596,0.2405,1.1660142892596441,LL,NS,0
2018,陕西,0.3699216684108768,-0.6026085401574569,-0.27363066601389646,0.1648921761889468,0.3284,0.9846506292333728,LL,NS,0
2018,青海,0.9846025326725416,2.3977081179504434,0.2551818065502535,0.6118514891188025,0.5813,0.5982643955393437,HH,NS,0
2018,黑龙江,0.3595193760240896,-0.6533831338453135,-0.6662686406715421,0.4353286924248293,0.1938,1.0975919885662448,LL,NS,0
2022,上海,0.6389035056978963,0.3828542182891003,-0.2793626068188366,-0.10695515245283098,0.5007,-0.6743882777540727,HL,NS,0
2022,云南,0.293755254690567,-1.069719183513001,-0.5158797328214189,0.5518464465846333,0.3665,0.8472903387011288,LL,NS,0
2022,内蒙古,0.3851624568931784,-0.68502747418187,-0.5583456678627307,0.3824821225763957,0.2982,0.9885224060984632,LL,NS,0
2022,北京,1.0,1.902546586934716,-0.4429008667965192,-0.8426395324741449,0.2644,-1.0559691200255206,HL,NS,0
2022,吉林,0.4343727199038105,-0.47792366028071825,-0.4839527466300934,0.23129246807236128,0.0501,1.8982622377746647,LL,LL,1
2022,四川,0.5871767058676729,0.1651594353242912,-0.2218692689321786,-0.03664380317265192,0.4712,-0.7733559514047368,HL,NS,0
2022,天津,0.9999999999997664,1.902546586933733,-0.5392068205249672,-1.0258660960411663,0.0164,-2.2960956216634063,HL,HL,1
2022,宁夏,0.499909878182166,-0.20210730407147867,0.9504701387674327,-0.19209695734673005,0.0341,-2.2007111918057185,LH,LH,1
2022,安徽,0.3786534280017262,-0.7124210426316321,0.6794747407573053,-0.48407210325217737,0.1423,-1.6486743694596382,LH,NS,0
2022,山东,0.6526545559417306,0.4407261900367242,0.3854578940723443,0.16988138907408354,0.0185,2.426892086321108,HH,HH,1
2022,山西,0.3339871557679442,-0.9004012477031789,-0.3933173266706356,0.3541434116775191,0.1228,1.4999998918807864,LL,NS,0
2022,广东,0.9999999999996108,1.902546586933078,0.7734003810182969,1.4714302552391028,0.0673,1.8540324126937506,HH,HH,1
2022,广西,0.3428163333775334,-0.8632432191805205,-0.44644371538058797,0.38538951004805083,0.4269,0.812857655194773,LL,NS,0
2022,新疆,0.2904995245901567,-1.0834210838804523,-0.24466431147537088,0.2650744735255109,0.1386,1.4796673847151525,LL,NS,0
2022,江苏,0.9999999999997516,1.9025465869336708,0.7451371497265922,1.4176581410098117,0.0566,1.8879032218462635,HH,HH,1
2022,江西,0.4282572931132526,-0.5036607349166368,-0.405130379051005,0.2040482644498848,0.1413,1.4355161677671118,LL,NS,0
2022,河北,0.3461327660808853,-0.8492858489209411,-0.14682714061098429,0.12469821275843417,0.8134,0.21810249959160555,LL,NS,0
2022,河南,0.4231551247900952,-0.5251334614221472,-0.06255005581492334,0.032847127322239204,0.6219,0.5052807062820923,LL,NS,0
2022,浙江,0.5808955258420825,0.13872478004072863,-0.0790679928311722,-0.010968689913766273,0.4896,-0.7133504747386523,HL,NS,0
2022,海南,0.906371301709008,1.5085056019784842,0.08866720307438836,0.1337549725494787,0.8292,0.23795228308724106,HH,NS,0
2022,湖北,0.4859713409492087,-0.260768324040524,-0.4215922608165211,0.1099379072815797,0.6054,0.658898315336336,LL,NS,0
2022,湖南,0.5651480342707433,0.07245068670584953,-0.4066519378061364,-0.029462212144318996,0.5753,-0.6734825781567614,HL,NS,0
2022,甘肃,0.4125362718351546,-0.5698234267196008,-0.04853771754706779,0.027657928537818267,0.7821,0.29450880894938447,LL,NS,0
2022,福建,0.5133121595376036,-0.1457031433563098,-0.13970039345949178,0.020354786455161214,0.456,0.7667614595205062,LL,NS,0
2022,贵州,0.3434866927962318,-0.8604219785733123,-0.3877986046308266,0.3336704426844255,0.0484,1.8907436786280083,LL,LL,1
2022,辽宁,0.4084109900601219,-0.5871848781071215,0.11742210501646402,-0.06894848442117404,0.7926,-0.2999676387640346,LH,NS,0
2022,重庆,0.4646372474099707,-0.3505539067175664,-0.2873002907328192,0.10071423931748241,0.3918,0.9082989725890849,LL,NS,0
2022,陕西,0.3546504219339716,-0.8134388750429409,-0.29546838172928713,0.24034546804462956,0.3084,1.058260634549593,LL,NS,0
2022,青海,0.9999999999993254,1.9025465869318772,0.027344364878014615,0.0520239280704866,0.9466,0.05845861762812334,HH,NS,0
2022,黑龙江,0.3671306897275555,-0.7609150537823127,-0.7153342544526013,0.5443086026991317,0.2165,1.18294698403666,LL,NS,0
